,,,,,,,
Date,Open,High,Low,Close,Volume,,
3/23/2020,,,,,,,
3/24/2020,,,,,,,
3/25/2020,,,,,,,
3/26/2020,,,,,,,
3/27/2020,,,,,,,
3/30/2020,,,,,,,
3/31/2020,,,,,,,
4/1/2020,,,,,,,
4/2/2020,,,,,,,
4/3/2020,,,,,,,
4/6/2020,,,,,,, 
4/7/2020,1211.70,1264.26,1199.32,1210.23,3501203,,
4/8/2020,1209.981746,1262.893979,1200.099767,1252.928393,2765185,,
4/9/2020,1254.561921,1293.442818,1238.795337,1280.648184,3397000,,
4/13/2020,1295.459392,1299.200822,1245.295241,1269.438647,2271977,,
4/14/2020,1271.191809,1313.325319,1268.031095,1307.35975,2471724,,
4/15/2020,1308.419151,1309.441615,1260.857523,1274.961109,2589699,,
4/16/2020,1271.277264,1302.363178,1254.818599,1279.562738,2735295,,
4/17/2020,1319.1514,1327.486209,1293.743096,1315.403854,2835556,,
4/20/2020,1312.252394,1320.438552,1284.582968,1289.747114,2347284,,
4/21/2020,1289.906391,1302.406192,1246.069197,1258.084548,2976636,,
4/22/2020,1259.730593,1292.410103,1250.7994,1280.817771,2045734,,
4/23/2020,1281.817969,1307.676535,1272.633357,1280.764711,2504589,,
4/24/2020,1279.659789,1307.780094,1267.406959,1302.390929,1971217,,
4/27/2020,1302.589667,1336.185096,1295.520815,1327.522409,1904724,,
4/28/2020,1327.401829,1354.511682,1314.066805,1330.351237,2463738,,
4/29/2020,1331.751359,1383.748139,1327.231728,1372.89284,2583022,,
4/30/2020,1381.425736,1385.883586,1336.023107,1348.375329,2925354,,
5/1/2020,1334.614821,1337.129791,1298.024643,1307.719007,2423696,,
5/4/2020,1291.381823,1315.476635,1280.246438,1309.859437,2205811,,
5/5/2020,1310.843705,1344.923646,1309.9432,1324.317096,2186988,,
5/6/2020,1324.407636,1340.582491,1311.906565,1315.752314,2220533,,
5/7/2020,1314.794719,1344.890867,1310.020691,1339.278421,2200564,,
5/8/2020,1339.739144,1368.916514,1338.511105,1366.618149,2008831,,
5/11/2020,1363.543559,1379.167902,1345.808826,1362.384836,2288291,,
5/12/2020,1361.676432,1373.558497,1318.933356,1326.461889,2730789,,
5/13/2020,1320.31771,1340.182789,1287.835244,1303.494218,3893163,,
5/14/2020,1307.212681,1321.073064,1271.224677,1316.746107,3753905,,
5/15/2020,1316.801636,1329.870741,1297.100628,1320.431924,2908990,,
5/18/2020,1326.562426,1383.481204,1321.930049,1377.055293,2630516,,
5/19/2020,1375.426906,1391.893032,1358.585143,1361.233684,2382868,,
5/20/2020,1358.507511,1393.277727,1355.267777,1388.506834,2287658,,
5/21/2020,1390.245965,1394.850993,1371.852032,1377.571139,2422356,,
5/22/2020,1377.631071,1388.127617,1358.676276,1385.029515,2089694,,
5/26/2020,1383.72055,1424.428881,1381.567032,1408.229474,2752243,,
5/27/2020,1408.465734,1437.756008,1390.43309,1432.254735,3167522,,
5/28/2020,1432.62893,1448.668513,1412.027885,1424.911552,2872116,,
5/29/2020,1423.885438,1433.242264,1399.684112,1424.296677,3303185,,
6/1/2020,1418.344012,1437.294876,1406.846627,1431.212513,1964306,,
6/2/2020,1430.915368,1445.213477,1419.127034,1442.44777,2192383,,
6/3/2020,1443.165126,1472.70231,1440.948283,1464.052516,2375578,,
6/4/2020,1465.165821,1472.381413,1448.348113,1462.296648,2717791,,
6/5/2020,1464.121362,1516.569411,1459.43342,1502.373411,3531658,,
6/8/2020,1505.009785,1527.33457,1498.641532,1525.167137,2369748,,
6/9/2020,1526.321475,1532.341467,1501.651357,1513.965741,2566633,,
6/10/2020,1513.835378,1531.890486,1493.885793,1501.749633,3052623,,
6/11/2020,1500.104985,1503.071033,1404.630574,1410.602851,5176071,,
6/12/2020,1412.013004,1454.283689,1398.306584,1426.340406,3978684,,
6/15/2020,1406.168539,1454.586997,1374.469731,1450.307331,2746892,,
6/16/2020,1448.823209,1495.790986,1445.578821,1475.575852,4115446,,
6/17/2020,1471.625032,1490.535754,1458.034635,1464.975386,2671541,,
6/18/2020,1464.141927,1473.659706,1443.562808,1460.373741,2462335,,
6/19/2020,1460.294752,1485.187189,1443.228094,1444.468649,2923090,,
6/22/2020,1435.59149,1473.83938,1428.786621,1472.129915,2066352,,
6/23/2020,1472.306413,1494.036767,1445.688098,1476.738704,2278723,,
6/24/2020,1474.835783,1483.154695,1426.112378,1443.237946,3548170,,
6/25/2020,1442.13504,1458.484365,1419.512032,1454.961594,2945968,,
6/26/2020,1453.650367,1459.015562,1415.008204,1421.27942,3293432,,
6/29/2020,1410.095453,1452.638356,1406.491081,1450.123514,2529291,,
6/30/2020,1449.813747,1472.358328,1439.784433,1467.962573,2543894,,
7/1/2020,1466.237113,1483.524285,1451.989508,1468.967757,2381510,,
7/2/2020,1467.921615,1496.916773,1464.742122,1479.972212,2331204,,
7/6/2020,1476.215869,1509.803645,1471.899976,1502.484959,2372417,,
7/7/2020,1501.963165,1510.784825,1479.708391,1481.959742,2158498,,
7/8/2020,1481.528139,1498.729981,1474.076579,1495.872906,2409959,,
7/9/2020,1498.070044,1503.089666,1465.183896,1482.684141,2942925,,
7/10/2020,1483.109982,1505.579235,1466.283552,1503.422025,2344555,,
7/13/2020,1505.961791,1533.083164,1481.785133,1485.891579,3279087,,
7/14/2020,1487.300816,1509.132534,1469.470695,1503.846332,3713694,,
7/15/2020,1513.909232,1538.616762,1505.527471,1528.108056,3176045,,
7/16/2020,1530.392542,1533.288552,1506.590774,1511.454672,2474018,,
7/17/2020,1513.974751,1528.970902,1511.126743,1519.842462,2003626,,
7/20/2020,1520.090953,1539.925314,1507.568161,1535.953329,2207391,,
7/21/2020,1535.378466,1555.82246,1528.033937,1539.867043,2402180,,
7/22/2020,1539.328588,1549.745759,1525.613042,1543.125875,2140786,,
7/23/2020,1545.097805,1557.275689,1515.572697,1523.605401,2713676,,
7/24/2020,1524.821151,1529.717041,1499.630232,1508.016399,2761037,,
7/27/2020,1510.354955,1528.216149,1501.588521,1526.535459,2004433,,
7/28/2020,1528.007525,1534.809403,1510.208796,1513.064238,2090120,,
7/29/2020,1514.623304,1535.376072,1508.34379,1532.285356,1861610,,
7/30/2020,1534.251614,1543.678133,1504.047724,1531.711399,2906973,,
7/31/2020,1542.376684,1545.313913,1509.033413,1535.105981,3393047,,
8/3/2020,1539.180389,1556.633735,1529.268798,1553.444587,1926287,,
8/4/2020,1554.190726,1562.585177,1545.261155,1561.615889,1833321,,
8/5/2020,1561.83275,1579.916463,1557.624734,1575.670898,1783874,,
8/6/2020,1576.010554,1591.989805,1568.438445,1589.117098,2097318,,
8/7/2020,1589.075931,1597.925593,1572.134166,1590.272158,2527461,,
8/10/2020,1592.245127,1605.509107,1578.89108,1598.675478,2023144,,
8/11/2020,1598.132325,1616.002632,1579.975784,1586.14237,2746877,,
8/12/2020,1591.691108,1613.701604,1584.014913,1604.185599,2173124,,
8/13/2020,1603.420275,1614.822075,1597.463489,1604.877058,1886260,,
8/14/2020,1605.264523,1612.263255,1592.065347,1600.782885,1740487,,
8/17/2020,1602.90958,1614.862852,1600.390255,1611.206536,1194134,,
8/18/2020,1610.922543,1620.587024,1600.934786,1612.052109,1586538,,
8/19/2020,1612.919427,1620.534469,1602.391137,1606.377181,2052233,,
8/20/2020,1605.715815,1615.733773,1590.927354,1610.888039,1885790,,
8/21/2020,1611.665466,1621.843153,1597.815835,1615.011509,1952936,,
8/24/2020,1618.056404,1636.185795,1614.102452,1631.756137,2167744,,
8/25/2020,1632.019041,1646.065281,1622.637,1637.105238,1941381,,
8/26/2020,1638.214586,1655.230537,1631.817864,1651.150927,2109567,,
8/27/2020,1650.966537,1662.517765,1638.865732,1653.394907,2690820,,
8/28/2020,1654.979321,1666.932792,1650.389237,1661.558969,1999334,,
8/31/2020,1663.686622,1676.446531,1651.328193,1659.087335,2268790,,
9/1/2020,1657.493664,1679.151241,1651.403089,1677.125346,2105469,,
9/2/2020,1678.235469,1701.596374,1668.651505,1696.986699,2936366,,
9/3/2020,1696.231465,1700.848267,1621.374677,1638.976585,4397329,,
9/4/2020,1635.233568,1652.001926,1577.873512,1615.874284,4832739,,
9/8/2020,1616.797928,1630.931077,1568.180792,1574.262858,4386043,,
9/9/2020,1564.612358,1616.189557,1552.913431,1604.72007,3139267,,
9/10/2020,1603.200368,1621.867535,1572.257553,1579.13803,3687760,,
9/11/2020,1580.928683,1598.16258,1558.568234,1571.495474,2715162,,
9/14/2020,1578.169585,1609.519088,1576.616771,1601.812171,1996760,,
9/15/2020,1597.153986,1618.747838,1594.943041,1609.597784,2702802,,
9/16/2020,1608.720958,1628.142531,1595.773344,1603.563902,2722401,,
9/17/2020,1604.23939,1607.320463,1566.757169,1588.486955,3923219,,
9/18/2020,1586.658074,1598.034558,1554.789146,1575.35263,3571803,,
9/21/2020,1574.208837,1581.222727,1520.798143,1551.620499,3738920,,
9/22/2020,1548.765464,1568.070825,1538.834801,1563.243017,2502337,,
9/23/2020,1565.486608,1574.748769,1521.338531,1526.02885,3042179,,
9/24/2020,1524.971082,1547.438652,1506.653514,1529.664554,3562964,,
9/25/2020,1532.793868,1559.446847,1514.359071,1554.359047,2674347,,
9/28/2020,1555.684771,1590.89997,1555.103143,1587.169141,2400244,,
9/29/2020,1587.608401,1594.98367,1570.796457,1582.718188,2085362,,
9/30/2020,1580.178801,1607.64083,1560.763336,1590.298801,3325047,,
10/1/2020,1586.117418,1612.551557,1585.074085,1604.769183,2552397,,
10/2/2020,1603.970028,1611.421351,1565.457693,1588.619,3327244,,
10/5/2020,1599.077896,1624.131363,1592.620164,1620.620568,1792511,,
10/6/2020,1620.828273,1640.132187,1593.381339,1604.103217,2882305,,
10/7/2020,1596.952331,1638.006084,1594.349881,1633.559553,2231000,,
10/8/2020,1633.754985,1652.323054,1632.967198,1645.914846,1853927,,
10/9/2020,1650.355587,1666.605796,1647.24801,1662.774421,1947526,,
10/12/2020,1661.672767,1696.559942,1657.318005,1690.988782,2491486,,
10/13/2020,1690.984003,1697.300409,1671.577623,1680.440769,2760475,,
10/14/2020,1679.111516,1691.030412,1661.307836,1666.892807,2500086,,
10/15/2020,1665.93937,1673.736221,1640.599655,1666.237789,2652323,,
10/16/2020,1668.33029,1683.786388,1658.517929,1659.987963,2237759,,
10/19/2020,1663.830234,1678.839018,1635.890126,1641.496587,2563478,,
10/20/2020,1648.047554,1662.781586,1636.64537,1645.031023,2639684,,
10/21/2020,1646.323583,1658.768473,1635.565109,1642.496197,2604720,,
10/22/2020,1641.863807,1656.645219,1624.943441,1651.879153,2392861,,
10/23/2020,1655.000874,1659.594825,1640.319743,1652.896788,1967283,,
10/26/2020,1650.320503,1652.697443,1602.69153,1622.601441,3020382,,
10/27/2020,1622.700402,1633.731448,1607.853817,1618.604046,2438776,,
10/28/2020,1611.195344,1612.478915,1560.054568,1561.494301,3924745,,
10/29/2020,1567.442385,1594.0026,1552.794782,1580.921935,3042565,,
10/30/2020,1564.469008,1577.945774,1538.736484,1557.542681,3818678,,
11/2/2020,1556.301348,1586.255932,1545.263574,1575.125657,2832399,,
11/3/2020,1576.840224,1619.930413,1575.332884,1609.865937,2523718,,
11/4/2020,1611.592829,1664.263995,1580.389704,1642.190466,4247009,,
11/5/2020,1649.065243,1688.308949,1636.951003,1682.030883,2628139,,
11/6/2020,1683.325756,1689.844456,1658.528459,1676.213788,2563551,,
11/9/2020,1685.922077,1777.755008,1671.098987,1698.898405,3928022,,
11/10/2020,1702.62117,1721.050587,1676.323298,1702.779902,3433461,,
11/11/2020,1704.895512,1725.201744,1693.683906,1716.132968,2175899,,
11/12/2020,1719.20713,1722.134398,1687.37473,1697.904098,2607542,,
11/13/2020,1700.788393,1727.416427,1689.993955,1723.118885,2102198,,
11/16/2020,1725.795513,1755.540621,1721.263776,1747.300437,2130619,,
11/17/2020,1750.108655,1755.392308,1726.6358,1744.512095,1989453,,
11/18/2020,1742.750205,1754.733083,1721.332646,1725.938349,2133003,,
11/19/2020,1723.755003,1737.262642,1713.164264,1735.618318,2024774,,
11/20/2020,1726.510037,1738.466851,1715.921018,1726.468591,1829487,,
11/23/2020,1722.790793,1751.486373,1718.711431,1742.379895,1924629,,
11/24/2020,1743.525277,1776.553113,1741.854796,1770.562172,2020346,,
11/25/2020,1772.624782,1782.421342,1759.174278,1768.656608,1670650,,
11/27/2020,1771.03965,1781.391938,1760.223322,1776.515627,1121234,,
11/30/2020,1779.569552,1784.224718,1748.052579,1763.763236,2563455,,
12/1/2020,1768.91422,1792.794214,1766.208929,1781.090297,2170380,,
12/2/2020,1780.605809,1786.862043,1765.71731,1783.348038,1790218,,
12/3/2020,1785.948948,1797.458653,1778.142387,1786.747118,1789540,,
12/4/2020,1789.099699,1809.624354,1786.619651,1808.17819,1568448,,
12/7/2020,1807.826065,1815.273959,1795.739969,1808.244039,1651747,,
12/8/2020,1804.106646,1821.990293,1794.463867,1819.104541,1773805,,
12/9/2020,1821.738252,1829.198925,1791.216459,1800.563845,2833186,,
12/10/2020,1799.577246,1811.587147,1783.24525,1805.305923,2494802,,
12/11/2020,1806.666858,1809.768661,1782.638772,1800.952827,2265569,,
12/14/2020,1808.163521,1824.833185,1797.461264,1801.262859,2107734,,
12/15/2020,1802.76526,1828.698168,1796.384555,1826.537928,2634036,,
12/16/2020,1827.837235,1837.880768,1818.514514,1827.625027,2243761,,
12/17/2020,1828.991606,1843.160535,1827.331125,1840.550164,1907458,,
12/18/2020,1840.296779,1848.012113,1823.020924,1834.356869,2555862,,
12/21/2020,1846.47458,1849.014108,1778.391668,1831.0361,2962328,,
12/22/2020,1830.805015,1841.466795,1816.350184,1833.207203,1867062,,
12/23/2020,1831.992307,1846.941791,1819.447818,1837.833399,1637390,,
12/24/2020,1839.795598,1847.198992,1833.572809,1842.404776,645544,,
12/28/2020,1837.212601,1864.345608,1833.171087,1851.654709,1363834,,
12/29/2020,1853.099394,1862.981427,1834.695762,1839.878999,1667008,,
12/30/2020,1842.042284,1855.347825,1836.818002,1846.746272,1323110,,
12/31/2020,1847.031055,1856.194867,1838.166933,1853.475337,1501269,,
1/4/2021,1854.19439,1867.718969,1804.372381,1826.363856,3180574,,
1/5/2021,1827.361673,1850.437881,1816.324944,1843.958872,2237201,,
1/6/2021,1844.75449,1888.438237,1825.600981,1867.503799,3538937,,
1/7/2021,1871.973426,1902.928608,1866.09404,1897.813038,2067414,,
1/8/2021,1898.419184,1916.118045,1882.283836,1906.127505,2509389,,
1/11/2021,1904.568369,1908.559538,1879.006281,1894.280628,2067958,,
1/12/2021,1895.756266,1909.742807,1884.716925,1904.877044,1953025,,
1/13/2021,1903.292382,1914.301967,1893.259546,1904.889195,1753323,,
1/14/2021,1907.10758,1924.618103,1898.527397,1911.258143,1900870,,
1/15/2021,1911.992596,1915.165693,1878.800701,1893.034986,2758153,,
1/19/2021,1887.942864,1917.167316,1882.690821,1911.596614,2167725,,
1/20/2021,1913.619873,1942.588151,1908.834466,1935.924178,2022128,,
1/21/2021,1933.376427,1945.956671,1926.777788,1934.658512,1773386,,
1/22/2021,1934.434653,1942.56125,1916.5512,1936.281913,1934599,,
1/25/2021,1935.698991,1954.615263,1908.985727,1940.871168,2920576,,
1/26/2021,1939.484837,1954.099435,1923.612452,1936.236072,2018693,,
1/27/2021,1936.315892,1943.084682,1871.051631,1890.760256,3904432,,
1/28/2021,1887.062391,1928.919455,1867.616957,1901.043558,3302878,,
1/29/2021,1896.899071,1906.922541,1856.065729,1865.252485,3996969,,
2/1/2021,1858.526746,1907.523554,1837.86259,1901.018054,2567054,,
2/2/2021,1901.022361,1936.73579,1898.117623,1928.975422,2213621,,
2/3/2021,1932.736772,1941.996288,1917.852902,1929.984238,2067062,,
2/4/2021,1934.476732,1960.198134,1923.571155,1956.571483,1810909,,
2/5/2021,1957.836551,1974.558286,1954.221459,1969.615051,1878992,,
2/8/2021,1973.718175,1995.916713,1970.384288,1993.605574,1643181,,
2/9/2021,1995.705248,2003.432297,1986.097865,1996.298683,1522419,,
2/10/2021,1998.792607,2009.853685,1975.884438,1991.118811,2498094,,
2/11/2021,1993.326358,2004.724079,1976.902696,1995.859011,2143480,,
2/12/2021,1992.281445,2006.392591,1982.593366,2002.781785,1704201,,
2/16/2021,2007.002957,2020.526439,1991.07201,1997.788647,2434134,,
2/17/2021,1997.713906,2001.360843,1970.513634,1992.391385,2332706,,
2/18/2021,1992.780429,1997.248158,1961.237295,1976.390747,2484556,,
2/19/2021,1977.783696,1999.967021,1965.142759,1985.931249,2314071,,
2/22/2021,1986.827099,1995.126484,1955.891626,1965.766089,2562934,,
2/23/2021,1968.134765,1979.389348,1914.033627,1960.499148,3713159,,
2/24/2021,1959.631209,1994.864013,1942.942213,1989.678486,3063614,,
2/25/2021,1992.040129,1999.21602,1922.933691,1931.355844,4364878,,
2/26/2021,1927.792766,1955.09267,1901.764513,1925.635296,4521600,,
3/1/2021,1930.435979,1984.096816,1926.938638,1977.79693,2593277,,
3/2/2021,1981.256819,1983.342273,1949.654692,1951.734475,2594163,,
3/3/2021,1952.877988,1973.697798,1921.524552,1924.051036,3438307,,
3/4/2021,1924.417848,1937.796743,1862.881439,1888.675325,4960144,,
3/5/2021,1889.123819,1929.855383,1856.131717,1924.898736,4650495,,
3/8/2021,1932.929682,1954.136975,1895.632745,1915.998059,3457804,,
3/9/2021,1923.116462,1968.034717,1918.5517,1952.934409,2726058,,
3/10/2021,1955.646115,1988.48176,1943.690408,1970.937823,2970253,,
3/11/2021,1977.009036,2010.530831,1968.542974,2002.460862,2480595,,
3/12/2021,2004.077957,2015.75469,1985.732217,2007.143567,2234629,,
3/15/2021,2010.667864,2023.649236,1995.524844,2019.845895,1923689,,
3/16/2021,2016.117841,2026.351543,1998.03078,2007.203211,2820929,,
3/17/2021,2008.357055,2022.579682,1986.31032,2016.6418,2956002,,
3/18/2021,2015.659497,2026.272486,1970.415367,1973.771663,3267232,,
3/19/2021,1976.293668,1990.553576,1955.456742,1976.357675,3111867,,
3/22/2021,1973.44025,1998.923169,1962.402287,1985.369622,2103267,,
3/23/2021,1986.819502,1993.262176,1947.931207,1954.002284,2881407,,
3/24/2021,1958.261903,1979.019873,1928.403282,1930.904252,3130665,,
3/25/2021,1933.535244,1955.17966,1904.779393,1947.319218,3574197,,
3/26/2021,1951.028879,1981.659654,1942.18604,1978.877724,3023595,,
3/29/2021,1979.409628,1984.54939,1948.831987,1962.004393,2989207,,
3/30/2021,1966.126922,1977.503152,1947.270857,1966.379534,2483578,,
3/31/2021,1968.269195,1994.487006,1963.178471,1984.101627,2473981,,
4/1/2021,1982.649283,2010.112193,1980.31605,2007.108246,131315,,
4/2/2021,2021.959308,2040.157217,2007.881327,2027.401023,682871,,
4/5/2021,2029.032841,2040.549292,2017.567664,2028.240398,1985377,,
4/6/2021,2030.549137,2035.302479,2011.710506,2019.705114,1980356,,
4/7/2021,2022.59542,2037.054325,2014.59303,2031.859585,1813293,,
4/8/2021,2036.660454,2046.560349,2024.533974,2041.163929,1762206,,
4/9/2021,2041.45164,2045.946718,2028.954304,2040.941595,1799968,,
4/12/2021,2041.041538,2051.969273,2027.507555,2044.996892,1905636,,
4/13/2021,2046.289285,2065.097623,2033.303823,2045.745681,2116125,,
4/14/2021,2048.6997,2067.554368,2041.104692,2059.090231,2353657,,
4/15/2021,2059.557263,2073.270883,2053.125458,2067.836472,2056076,,
4/16/2021,2064.434757,2069.87108,2043.689742,2054.986458,2253586,,
4/19/2021,2054.321743,2059.35199,2022.10203,2033.380477,2624860,,
4/20/2021,2031.320803,2058.769205,2019.185677,2053.269391,2562716,,
4/21/2021,2049.620111,2066.561202,2033.087839,2044.417375,2537043,,
4/22/2021,2045.563676,2072.174407,2037.950355,2060.776959,2725580,,
4/23/2021,2060.957327,2081.288822,2056.400647,2074.289176,2150222,,
4/26/2021,2075.833167,2082.385626,2066.772595,2074.128639,1686314,,
4/27/2021,2073.721535,2079.91583,2063.124962,2070.5468,1730592,,
4/28/2021,2072.236401,2087.928869,2057.898179,2073.722996,2225957,,
4/29/2021,2072.805543,2077.286286,2053.736289,2062.092945,2656464,,
4/30/2021,2065.377201,2078.055396,2055.939211,2063.007242,2643009,,
5/3/2021,2062.815075,2066.495489,2030.025993,2047.274442,2339499,,
5/4/2021,2047.051157,2059.208343,2030.964037,2041.709903,2847538,,
5/5/2021,2041.229803,2056.844718,2026.786622,2051.276131,2342496,,
5/6/2021,2052.356224,2076.371128,2044.80917,2070.111553,2637059,,
5/7/2021,2071.346199,2082.970201,2035.86476,2044.914673,2627675,,
5/10/2021,2041.29744,2049.835858,2003.337605,2031.361596,3021552,,
5/11/2021,2027.977953,2033.615941,1977.020803,1985.922441,3805747,,
5/12/2021,1982.321982,2017.384218,1962.63501,1995.314159,3872488,,
5/13/2021,1995.787479,2036.948327,1990.75391,2031.034706,3199794,,
5/14/2021,2031.362039,2044.068442,2011.755458,2034.888246,2318759,,
5/17/2021,2036.215555,2048.283631,2015.329168,2021.96114,2225669,,
5/18/2021,2017.729411,2026.284802,1984.215143,2012.40191,2397025,,
5/19/2021,2010.081235,2033.185356,1992.382687,2026.86399,3096029,,
5/20/2021,2025.929042,2049.387086,2019.271968,2032.154889,2215823,,
5/21/2021,2030.544386,2056.620189,2025.69679,2046.899784,2061197,,
5/24/2021,2048.581283,2065.164518,2037.386508,2046.031207,1738561,,
5/25/2021,2048.718002,2064.508821,2044.606501,2057.7121,1809560,,
5/26/2021,2058.396075,2073.089689,2050.565869,2065.665271,1742432,,
5/27/2021,2070.551206,2078.374154,2062.654236,2067.572068,1799002,,
5/28/2021,2070.422596,2085.149694,2059.641411,2073.658374,1883666,,
6/1/2021,2074.752981,2084.01462,2066.281528,2075.502387,2024663,,
6/2/2021,2076.049075,2081.223096,2051.214466,2065.463765,1966016,,
6/3/2021,2066.365235,2082.71543,2054.222401,2077.591823,2073175,,
6/4/2021,2077.741493,2094.396517,2066.243843,2089.52323,1702421,,
6/7/2021,2091.204264,2102.683247,2080.674293,2095.401122,1730871,,
6/8/2021,2095.400898,2103.278186,2085.597033,2089.38075,1939701,,
6/9/2021,2090.31834,2103.783783,2078.516642,2089.960151,1887442,,
6/10/2021,2091.192386,2103.6638,2084.694413,2099.983277,2097294,,
6/11/2021,2100.65215,2111.880737,2090.330347,2102.851575,1591745,,
6/14/2021,2100.604743,2106.737659,2085.998832,2095.461358,1853702,,
6/15/2021,2094.22669,2098.810259,2071.339741,2085.09557,2594365,,
6/16/2021,2081.09552,2096.196942,2055.210117,2079.709031,2687220,,
6/17/2021,2080.433174,2084.819983,2045.876972,2053.56065,2800251,,
6/18/2021,2050.557576,2082.371627,2032.594683,2071.878177,2827856,,
6/21/2021,2072.094197,2091.395227,2058.793108,2087.690724,2103810,,
6/22/2021,2089.370208,2100.402007,2082.381878,2091.440308,1664794,,
6/23/2021,2092.945425,2114.397708,2091.47125,2106.856414,1581281,,
6/24/2021,2110.543212,2120.31683,2104.63597,2112.776762,1528724,,
6/25/2021,2116.005441,2124.778716,2100.096216,2114.618543,1540942,,
6/28/2021,2115.44481,2124.615377,2107.038688,2114.645471,1395003,,
6/29/2021,2115.855605,2123.721482,2104.496354,2118.289682,1393130,,
6/30/2021,2120.475816,2129.902915,2113.78623,2125.613658,1783191,,
7/1/2021,2125.362587,2140.208454,2115.883418,2130.139866,1611897,,
7/2/2021,2130.304549,2140.817373,2106.875862,2124.780067,1895036,,
7/6/2021,2121.895938,2133.574625,2106.051737,2120.774493,2140110,,
7/7/2021,2121.650298,2125.211912,2085.908597,2109.798524,2294958,,
7/8/2021,2109.147075,2134.776291,2093.4246,2128.135345,2720967,,
7/9/2021,2128.521773,2141.14246,2116.230331,2137.965248,1922120,,
7/12/2021,2138.808012,2145.75178,2119.754478,2127.09709,1842364,,
7/13/2021,2127.505557,2140.618099,2112.513658,2117.806219,2053606,,
7/14/2021,2117.400523,2124.536039,2096.080799,2112.026506,2333276,,
7/15/2021,2110.71465,2123.328447,2089.970801,2094.381918,2502283,,
7/16/2021,2093.234566,2097.481407,2053.198858,2067.27166,2959959,,
7/19/2021,2072.933608,2105.49644,2054.277232,2091.129448,3604371,,
7/20/2021,2092.958755,2120.370215,2086.830259,2116.718843,2572914,,
7/21/2021,2118.848431,2130.994739,2102.41363,2115.303762,1921971,,
7/22/2021,2120.77631,2133.794774,2110.859259,2128.761826,1720431,,
7/23/2021,2128.84572,2144.35924,2115.724679,2137.820222,1838554,,
7/26/2021,2137.650062,2139.924705,2105.089834,2124.621703,1963201,,
7/27/2021,2119.737773,2143.772157,2111.434816,2131.974248,2481730,,
7/28/2021,2130.510181,2148.495064,2123.869784,2139.193225,1905007,,
7/29/2021,2134.381702,2144.471772,2119.830579,2132.062334,1841657,,
7/30/2021,2132.52148,2147.761459,2120.877592,2125.066552,2144507,,
8/2/2021,2127.359443,2140.886755,2110.48717,2133.516662,2048302,,
8/3/2021,2131.993083,2141.147475,2117.483153,2127.118717,2044834,,
8/4/2021,2126.976957,2145.930119,2122.762216,2142.531163,1636092,,
8/5/2021,2142.100518,2156.616345,2135.556122,2148.369642,1443004,,
8/6/2021,2148.074088,2151.721868,2136.304658,2145.684644,1520614,,
8/9/2021,2146.70118,2152.481261,2135.322258,2145.7078,1492726,,
8/10/2021,2145.893199,2156.439361,2135.183374,2151.095024,1696598,,
8/11/2021,2150.770466,2157.251612,2140.222504,2153.325881,1627626,,
8/12/2021,2153.793029,2159.739419,2144.670723,2151.674115,1421818,,
8/13/2021,2149.70555,2154.648757,2130.652088,2149.058147,1695543,,
8/16/2021,2147.78146,2150.592344,2115.862394,2134.391966,2377810,,
8/17/2021,2131.754578,2140.469183,2105.517083,2115.093454,2726537,,
8/18/2021,2111.978724,2123.074243,2085.22735,2104.722391,2815063,,
8/19/2021,2105.621459,2128.532131,2087.968643,2124.269917,2795317,,
8/20/2021,2123.965153,2154.219824,2119.65917,2150.414627,2019645,,
8/23/2021,2152.308603,2167.09287,2150.627305,2162.826924,1599495,,
8/24/2021,2164.375205,2174.070676,2158.704998,2166.996327,1455980,,
8/25/2021,2167.764786,2171.483199,2151.778247,2155.963021,1689735,,
8/26/2021,2156.751587,2183.965829,2149.803074,2178.005696,2066729,,
8/27/2021,2180.0766,2194.244816,2172.651058,2185.966507,1897276,,
8/30/2021,2187.757771,2197.242531,2178.06283,2188.705365,1808002,,
8/31/2021,2191.458663,2203.205271,2183.239024,2192.491875,2142817,,
9/1/2021,2193.240491,2205.99618,2187.555618,2197.899612,1797611,,
9/2/2021,2198.552538,2207.452828,2188.488035,2197.77341,1770323,,
9/3/2021,2197.736794,2206.165401,2185.250829,2190.901351,2062146,,
9/7/2021,2189.968894,2195.337826,2169.824915,2179.394698,2227637,,
9/8/2021,2178.618413,2190.979324,2163.654623,2174.502051,2550442,,
9/9/2021,2174.25956,2189.176613,2156.630378,2158.145577,2496107,,
9/10/2021,2159.598001,2175.88033,2146.886163,2161.159513,2459155,,
9/13/2021,2161.411677,2173.422624,2139.269754,2146.890664,2441336,,
9/14/2021,2145.640165,2163.036666,2134.840645,2155.428418,3044512,,
9/15/2021,2156.498848,2165.961666,2139.748776,2158.670212,2444101,,
9/16/2021,2158.205168,2163.319529,2137.512044,2148.695726,2552651,,
9/17/2021,2144.324004,2149.194478,2087.675858,2109.833306,3432831,,
9/20/2021,2106.498261,2129.03124,2088.016225,2102.4302,3814112,,
9/21/2021,2098.983949,2135.942428,2090.987669,2120.556082,2964671,,
9/22/2021,2120.746115,2155.834656,2118.549462,2148.147772,2655331,,
9/23/2021,2148.442414,2160.984446,2134.806447,2152.427342,2225778,,
9/24/2021,2153.351228,2172.983712,2139.588633,2158.199343,2054913,,
9/27/2021,2157.267359,2165.420031,2115.62329,2119.368054,2678754,,
9/28/2021,2120.62227,2135.644247,2103.025829,2108.308226,3377400,,
9/29/2021,2112.277909,2129.469181,2091.48822,2093.860892,3024190,,
9/30/2021,2096.251284,2124.735154,2069.614138,2106.094068,3506793,,
10/1/2021,2109.206223,2120.94696,2071.285179,2090.560097,3552479,,
10/4/2021,2093.175789,2118.157702,2073.358192,2098.396512,3080994,,
10/5/2021,2099.435921,2113.255963,2069.343214,2105.772229,2948691,,
10/6/2021,2106.627138,2138.715778,2099.582736,2126.552158,3031581,,
10/7/2021,2126.8538,2142.849543,2116.522318,2123.106154,2271001,,
10/8/2021,2123.333922,2136.55033,2107.276595,2111.410476,2246647,,
10/11/2021,2109.990199,2124.586951,2093.234818,2107.768567,2197447,,
10/12/2021,2102.836928,2119.132986,2092.953547,2113.133287,2221859,,
10/13/2021,2111.815765,2145.574416,2110.627626,2141.112708,2093828,,
10/14/2021,2143.371033,2167.162147,2137.940095,2156.788465,2038028,,
10/15/2021,2158.444255,2169.587909,2144.687633,2165.92079,1887597,,
10/18/2021,2165.550186,2181.781557,2159.666842,2176.457023,1731983,,
10/19/2021,2177.45633,2191.433754,2170.03288,2185.507348,1724813,,
10/20/2021,2184.585565,2197.177127,2176.115254,2193.014304,1721792,,
10/21/2021,2189.211436,2199.39362,2176.227041,2189.082886,1825868,,
10/22/2021,2185.229314,2206.224003,2180.439052,2200.7917,2053742,,
10/25/2021,2202.077062,2217.1482,2194.187169,2201.177556,1972577,,
10/26/2021,2201.344131,2213.022442,2184.704043,2188.50412,2169527,,
10/27/2021,2190.267111,2214.941368,2186.187612,2207.79723,2083392,,
10/28/2021,2206.649587,2220.592097,2196.798711,2216.833499,1982531,,
10/29/2021,2220.355552,2240.168025,2211.619231,2236.73774,2170686,,
11/1/2021,2238.281865,2247.617659,2229.027937,2243.508023,1788744,,
11/2/2021,2243.323535,2268.836171,2237.399797,2264.116733,1788578,,
11/3/2021,2264.233341,2284.001967,2257.890672,2274.565857,1917510,,
11/4/2021,2274.814527,2299.731203,2271.685412,2289.354237,2121316,,
11/5/2021,2283.915499,2305.477034,2281.828711,2293.700193,2159617,,
11/8/2021,2290.135134,2298.258111,2274.307123,2284.459774,1880393,,
11/9/2021,2282.327936,2288.183249,2252.25862,2261.113018,2309650,,
11/10/2021,2261.127523,2275.285065,2251.182837,2261.186198,2325514,,
11/11/2021,2262.811711,2276.545384,2258.690649,2270.829636,1601362,,
11/12/2021,2273.390905,2285.640605,2260.793641,2272.214707,1906774,,
11/15/2021,2273.535056,2284.834767,2264.07507,2278.272199,1749546,,
11/16/2021,2278.044635,2286.158034,2262.848634,2269.973028,1785469,,
11/17/2021,2269.408131,2282.412908,2256.423004,2271.872626,1997024,,
11/18/2021,2272.716478,2285.64283,2256.313425,2267.935073,2098418,,
11/19/2021,2270.799412,2290.173981,2253.448062,2257.417798,2535668,,
11/22/2021,2260.552667,2270.473351,2234.212585,2255.020981,3027860,,
11/23/2021,2255.006621,2260.754782,2232.769534,2258.272001,2841623,,
11/24/2021,2258.500696,2268.334755,2192.273051,2212.418488,2733444,,
11/26/2021,2207.623265,2244.605654,2191.786037,2215.577701,3254734,,
11/29/2021,2217.800392,2233.446796,2175.216497,2193.115432,3574280,,
11/30/2021,2202.390393,2228.049981,2146.953655,2153.195345,4362752,,
12/1/2021,2157.053998,2197.91276,2140.773871,2174.959259,4145297,,
12/2/2021,2180.628309,2196.689804,2135.233106,2159.740583,4083107,,
12/3/2021,2163.189286,2196.73033,2141.862516,2180.535572,3923091,,
12/6/2021,2182.968255,2235.785839,2178.440785,2224.535878,3018106,,
12/7/2021,2229.691472,2251.070599,2217.376617,2242.862272,2622198,,
12/8/2021,2243.375434,2249.696783,2214.162316,2221.984715,2434321,,
12/9/2021,2222.252327,2240.054913,2210.689395,2226.524983,2361265,,
12/10/2021,2225.810443,2240.874707,2199.365871,2209.342878,2236578,,
12/13/2021,2209.898719,2218.057188,2179.391221,2190.860952,2657754,,
12/14/2021,2190.304168,2221.523905,2164.312032,2213.775884,3558442,,
12/15/2021,2214.744093,2240.876032,2175.181581,2193.953338,3390574,,
12/16/2021,2196.169323,2214.040326,2162.629102,2183.638553,3557258,,
12/17/2021,2185.374467,2189.663891,2137.741806,2157.353228,3660776,,
12/20/2021,2161.898225,2198.684039,2146.806915,2189.446062,3002377,,
12/21/2021,2191.664164,2216.908463,2182.071002,2214.640317,2259341,,
12/22/2021,2215.766373,2238.426423,2211.700709,2232.071618,1680762,,
12/23/2021,2232.88757,2259.171706,2227.357151,2256.037161,1551947,,
12/27/2021,2256.295051,2274.913353,2245.886,2258.287183,1614205,,
12/28/2021,2259.852731,2267.770322,2249.053333,2260.36156,1536449,,
12/29/2021,2259.716026,2274.305687,2251.994249,2257.300534,1387948,,
12/30/2021,2257.165967,2264.535419,2244.532151,2249.794684,1329356,,
12/31/2021,2253.626229,2271.821627,2245.109022,2264.527423,1849140,,
1/3/2022,2265.978585,2281.08402,2244.728099,2262.064131,2349926,,
1/4/2022,2261.492321,2269.119476,2213.796682,2217.560508,2654759,,
1/5/2022,2217.280427,2232.445981,2192.923009,2207.559239,3193171,,
1/6/2022,2211.108756,2220.189694,2185.10378,2193.062742,3015813,,
1/7/2022,2193.649941,2201.502813,2151.885026,2187.607682,3086183,,
1/10/2022,2188.622664,2207.505517,2161.241373,2203.658387,3361822,,
1/11/2022,2203.602884,2223.331921,2188.246876,2206.627836,2779219,,
1/12/2022,2208.180481,2223.624479,2179.659316,2185.996579,2789208,,
1/13/2022,2187.468624,2196.989094,2155.056633,2180.492769,3127935,,
1/14/2022,2183.658421,2188.679481,2132.204483,2141.583981,3506699,,
1/18/2022,2145.684107,2156.412877,2108.264763,2112.074403,3641291,,
1/19/2022,2114.059116,2145.53561,2071.654908,2085.438476,3341783,,
1/20/2022,2080.009463,2102.439204,2041.827219,2048.435245,3876653,,
1/21/2022,2045.574888,2072.919354,1979.250284,2054.897231,5329533,,
1/24/2022,2055.53983,2063.282409,1981.00387,2034.026067,5498687,,
1/25/2022,2020.432996,2072.966301,1992.494179,2019.146071,4083634,,
1/26/2022,2015.738606,2057.741859,1979.647596,2000.064502,3955982,,
1/27/2022,2012.104812,2044.453915,1969.888571,2031.518353,3839601,,
1/28/2022,2034.2749,2083.736137,2011.442427,2082.338462,3408636,,
1/31/2022,2077.415862,2111.680568,2061.987391,2104.472276,2913045,,
2/1/2022,2106.438505,2127.910277,2082.631824,2110.089124,2731832,,
2/2/2022,2102.895458,2107.953483,2066.725867,2074.214514,2848694,,
2/3/2022,2086.158791,2094.010556,2044.171768,2071.888861,3066967,,
2/4/2022,2077.664026,2094.026483,2055.035558,2072.435689,2879713,,
2/7/2022,2075.747797,2099.137002,2063.758711,2090.990013,2457431,,
2/8/2022,2093.247643,2124.974989,2089.588359,2120.790304,2338342,,
2/9/2022,2123.571674,2138.005051,2084.959148,2100.657579,2833237,,
2/10/2022,2100.137145,2113.167829,2050.600894,2061.040061,3810418,,
2/11/2022,2062.256491,2077.109552,2028.747334,2047.593026,3730242,,
2/14/2022,2047.495016,2085.146538,2036.20923,2079.476171,3033952,,
2/15/2022,2077.993999,2095.548078,2059.400558,2087.404952,2472873,,
2/16/2022,2085.179887,2091.803343,2040.752551,2049.494824,2450548,,
2/17/2022,2049.247753,2065.001525,2016.810529,2024.124603,2829157,,
2/18/2022,2018.268208,2044.229545,1980.207729,2001.728074,3686424,,
2/22/2022,2004.873735,2026.734212,1958.211078,1967.049754,3767695,,
2/23/2022,1967.241644,2006.824372,1911.270463,1990.296612,3824965,,
2/24/2022,1983.316021,2031.197361,1956.073924,2028.943326,4253750,,
2/25/2022,2005.087118,2048.846834,1976.848023,2041.07954,3348192,,
2/28/2022,2031.243597,2053.850628,1989.101043,2013.532585,3355945,,
3/1/2022,2015.744775,2053.127934,1993.259697,2035.884133,2954736,,
3/2/2022,2032.961105,2060.61616,2008.136929,2028.798294,2685297,,
3/3/2022,2030.305103,2038.349849,1992.873007,2008.84428,2748878,,
3/4/2022,2001.119063,2014.538031,1951.110185,1961.665232,3049943,,
3/7/2022,1956.184997,1997.656505,1923.265524,1944.899318,3322713,,
3/8/2022,1937.495185,2002.588882,1931.570594,1982.362342,3389792,,
3/9/2022,1981.978122,1999.573048,1951.68618,1986.550906,2687632,,
3/10/2022,1987.464192,2015.075633,1954.867903,1961.755817,2569822,,
3/11/2022,1966.967527,1990.285224,1930.740143,1936.716506,2465720,,
3/14/2022,1939.887594,1975.143842,1916.647018,1962.432981,2348692,,
3/15/2022,1959.856291,2021.41234,1951.429556,2013.419526,3238951,,
3/16/2022,2017.217411,2048.401771,2000.017309,2044.344195,2848976,,
3/17/2022,2040.020087,2075.265951,2027.135093,2070.874536,2345362,,
3/18/2022,2069.481884,2083.716281,2043.877941,2067.915527,2328840,,
3/21/2022,2070.796652,2095.838418,2056.424152,2087.321431,2160286,,
3/22/2022,2087.876886,2098.311738,2060.340483,2070.136882,2052566,,
3/23/2022,2070.565322,2095.981765,2060.220204,2086.464743,2115959,,
3/24/2022,2087.680039,2103.057534,2074.475686,2096.927417,2048958,,
3/25/2022,2097.487762,2111.480709,2078.320039,2109.537846,2068874,,
3/28/2022,2109.190773,2146.499741,2104.117778,2142.071832,2086621,,
3/29/2022,2140.430729,2151.270965,2116.393262,2130.246345,2205234,,
3/30/2022,2131.234882,2139.627371,2102.306616,2106.547955,2121639,,
3/31/2022,2110.487288,2120.799753,2089.691127,2105.947885,2529474,,
4/1/2022,2106.094613,2124.592819,2093.119414,2121.435396,2160855,,
4/4/2022,2120.486824,2133.432887,2085.845721,2095.845657,1945736,,
4/5/2022,2098.087273,2100.913132,2054.999024,2067.465213,2546290,,
4/6/2022,2067.154177,2079.34959,2038.221512,2062.653723,2848175,,
4/7/2022,2061.525908,2078.57582,2043.941588,2054.944349,2418890,,
4/8/2022,2056.57686,2064.209525,2027.740552,2032.153584,2295540,,
4/11/2022,2033.511653,2062.548612,2012.634,2022.309524,2539180,,
4/12/2022,2023.99661,2057.40251,2016.375514,2045.441793,2576247,,
4/13/2022,2044.633601,2062.79915,2023.540319,2031.581404,2122327,,
4/14/2022,2031.105864,2040.394969,2010.123994,2021.593508,2158646,,
4/18/2022,2026.889278,2056.890482,2012.008686,2051.115551,2049474,,
4/19/2022,2047.064068,2074.882602,2036.534576,2056.86609,2439158,,
4/20/2022,2058.724507,2081.161178,2020.779234,2028.430148,2518324,,
4/21/2022,2028.646746,2037.440073,1972.141432,1980.173812,2913417,,
4/22/2022,1975.86331,1995.669844,1941.275902,1979.252625,3315321,,
4/25/2022,1977.763695,1987.260612,1912.472679,1935.447578,3536810,,
4/26/2022,1928.064537,1957.181457,1906.267722,1919.925902,3346087,,
4/27/2022,1928.037451,1969.499209,1911.302558,1954.99188,3254783,,
4/28/2022,1946.25368,1973.005431,1902.386705,1917.081982,2995003,,
4/29/2022,1917.452188,1936.35481,1878.541257,1913.655478,3377954,,
5/2/2022,1913.692866,1932.953422,1895.880167,1921.704501,3380110,,
5/3/2022,1922.758903,1972.857547,1902.773374,1966.982219,2777616,,
5/4/2022,1964.431888,1984.638112,1886.827377,1920.819369,3180648,,
5/5/2022,1922.943189,1927.058162,1864.347881,1887.612248,3787731,,
5/6/2022,1878.095434,1882.668832,1824.089274,1837.124709,3667331,,
5/9/2022,1834.995497,1865.092634,1801.445329,1826.647244,3533786,,
5/10/2022,1825.640657,1857.480809,1789.645948,1797.129047,3667306,,
5/11/2022,1800.453498,1821.17741,1765.384995,1793.058993,3596913,,
5/12/2022,1788.766508,1839.88977,1779.020647,1829.164966,3430391,,
5/13/2022,1830.085279,1854.559336,1812.18117,1833.285451,2817974,,
5/16/2022,1832.638143,1871.021876,1827.211052,1863.57989,2715278,,
5/17/2022,1864.865654,1876.943352,1799.015391,1816.655448,2863015,,
5/18/2022,1815.655457,1830.8664,1773.229289,1793.124703,3480954,,
5/19/2022,1793.899391,1816.068856,1749.914498,1788.283643,3596083,,
5/20/2022,1791.605676,1820.230033,1774.783213,1809.58348,3428612,,
5/23/2022,1805.55143,1816.541834,1770.321753,1801.348975,2881244,,
5/24/2022,1802.566777,1825.279278,1780.553478,1815.370434,3080571,,
5/25/2022,1814.44859,1859.515217,1806.519563,1849.790234,2688565,,
5/26/2022,1846.798685,1901.267783,1842.686699,1894.52266,2418101,,
5/27/2022,1896.587271,1924.881746,1870.193241,1896.027652,2866537,,
5/31/2022,1899.642147,1916.498718,1868.092809,1884.89681,3322413,,
6/1/2022,1884.834582,1920.319726,1867.448045,1911.43497,2877886,,
6/2/2022,1911.7493,1925.388395,1880.493696,1898.57891,2503972,,
6/3/2022,1900.015546,1921.003199,1886.638966,1895.028099,2379116,,
6/6/2022,1895.576321,1919.181894,1877.838572,1911.889702,2363208,,
6/7/2022,1908.918101,1919.774238,1886.810791,1901.275189,2590188,,
6/8/2022,1901.658402,1912.725038,1862.110587,1864.509069,2812977,,
6/9/2022,1867.372934,1873.129639,1807.982306,1811.705628,3057402,,
6/10/2022,1806.347873,1807.649696,1736.870953,1743.610163,3082725,,
6/13/2022,1743.316959,1761.240623,1710.166701,1724.216534,3272285,,
6/14/2022,1726.369083,1768.70919,1714.834153,1744.04091,3980882,,
6/15/2022,1746.153732,1770.592824,1684.323492,1701.266685,3677823,,
6/16/2022,1706.361426,1728.330081,1677.984403,1695.219971,3726864,,
6/17/2022,1700.274102,1737.903801,1686.841032,1722.762401,3285447,,
6/21/2022,1724.052292,1748.078052,1695.20424,1731.640397,2642067,,
6/22/2022,1730.332229,1752.904901,1712.122811,1745.639872,2704605,,
6/23/2022,1739.989569,1791.511293,1735.999894,1789.368964,2556191,,
6/24/2022,1787.767395,1816.361615,1776.910142,1800.193965,2470460,,
6/27/2022,1802.905401,1821.650473,1767.458903,1769.985502,2466076,,
6/28/2022,1771.878767,1783.202183,1746.192143,1758.125048,2705188,,
6/29/2022,1759.36389,1761.744573,1723.679342,1745.038458,2866128,,
6/30/2022,1741.817317,1760.190536,1718.108362,1753.685578,3390871,,
7/1/2022,1752.226167,1772.384054,1717.454933,1767.179427,2959828,,
7/5/2022,1768.018276,1782.964429,1743.729264,1768.310649,3037069,,
7/6/2022,1770.885446,1801.00752,1760.316299,1795.428151,2514924,,
7/7/2022,1793.277606,1810.945946,1778.743227,1801.466812,2274552,,
7/8/2022,1800.719902,1803.885067,1771.59206,1779.045454,2371542,,
7/11/2022,1780.808161,1790.642054,1758.015013,1766.484599,2414440,,
7/12/2022,1767.596901,1787.557279,1734.669651,1758.84395,2790379,,
7/13/2022,1755.673314,1767.472369,1720.397399,1751.138129,3192196,,
7/14/2022,1751.388072,1778.765541,1736.413541,1775.803677,2887113,,
7/15/2022,1779.791707,1804.542963,1761.617981,1776.013643,2388889,,
7/18/2022,1778.860002,1824.99091,1770.299288,1812.709811,2360473,,
7/19/2022,1815.63572,1845.569783,1806.338943,1839.906244,2601212,,
7/20/2022,1837.442599,1856.854868,1822.698412,1853.92511,2671629,,
7/21/2022,1848.435555,1865.620665,1823.227358,1840.752415,2810171,,
7/22/2022,1839.874976,1851.660505,1823.708535,1837.599672,2520658,,
7/25/2022,1833.460322,1839.374131,1815.658392,1822.775072,2343661,,
7/26/2022,1826.330974,1865.121497,1819.899535,1853.507459,2592990,,
7/27/2022,1853.671981,1894.301673,1841.242509,1880.559534,2755068,,
7/28/2022,1889.115162,1911.013742,1874.575475,1902.909098,2935160,,
7/29/2022,1907.621318,1920.831012,1888.220937,1908.693738,2901744,,
8/1/2022,1909.061611,1920.259994,1888.493155,1899.583145,2875814,,
8/2/2022,1900.907301,1932.135953,1891.671959,1922.41402,2943155,,
8/3/2022,1921.088785,1938.303442,1912.301075,1929.708079,2533041,,
8/4/2022,1929.254653,1939.324072,1908.774275,1930.2432,2302590,,
8/5/2022,1930.079976,1953.20237,1917.356261,1933.410322,2662489,,
8/8/2022,1936.146944,1943.061563,1911.657272,1919.442955,2394191,,
8/9/2022,1921.449686,1958.472346,1911.890129,1952.597986,2229353,,
8/10/2022,1953.087805,1984.999713,1946.709717,1961.765717,2612678,,
8/11/2022,1965.122055,1994.537977,1960.783737,1988.095586,2405506,,
8/12/2022,1988.579455,2006.260365,1975.959471,2004.133937,2039671,,
8/15/2022,2002.393131,2016.663594,1987.876939,2008.506414,2191403,,
8/16/2022,2008.685517,2014.664158,1980.218094,1992.316969,2361069,,
8/17/2022,1994.01569,2001.761818,1979.196809,1993.417372,2461566,,
8/18/2022,1993.957213,1996.098077,1962.386037,1970.023049,2312046,,
8/19/2022,1966.395269,1967.084528,1925.499571,1930.337614,2644850,,
8/22/2022,1931.441059,1941.062417,1909.630456,1918.125239,2609581,,
8/23/2022,1918.069245,1933.518919,1907.895715,1922.737392,2362221,,
8/24/2022,1924.121764,1947.160389,1919.489398,1944.776436,2216987,,
8/25/2022,1944.27046,1958.74789,1887.239281,1900.214797,2811825,,
8/26/2022,1887.377875,1902.482883,1861.903255,1872.19835,3319102,,
8/29/2022,1869.11863,1887.723129,1840.735275,1852.866246,3175057,,
8/30/2022,1853.866072,1870.713107,1834.328523,1838.65386,3626583,,
8/31/2022,1838.845964,1845.032322,1808.123575,1831.845202,3641673,,
9/1/2022,1831.937994,1851.449468,1803.340433,1817.427091,3475736,,
9/2/2022,1818.183789,1838.364597,1793.206824,1802.751301,3907708,,
9/6/2022,1802.856653,1835.363587,1788.468953,1825.941507,3411363,,
9/7/2022,1825.177265,1847.015413,1806.681611,1842.689306,3109710,,
9/8/2022,1844.376978,1874.02568,1838.50484,1871.032996,3225550,,
9/9/2022,1873.869584,1898.029005,1868.867519,1892.946692,2515664,,
9/12/2022,1901.356893,1918.35213,1828.600235,1838.361108,2800714,,
9/13/2022,1844.72072,1858.836871,1811.394279,1828.422906,4305675,,
9/14/2022,1831.005447,1839.739124,1805.520527,1815.795088,3669652,,
9/15/2022,1811.706709,1813.273292,1781.583505,1798.365937,3700560,,
9/16/2022,1796.097504,1810.84271,1774.547892,1805.412743,3632176,,
9/19/2022,1807.214364,1816.805617,1774.973851,1793.875156,3159735,,
9/20/2022,1796.750188,1816.81844,1757.754942,1766.539584,3668108,,
9/21/2022,1763.393107,1782.765751,1734.040135,1741.097375,3680936,,
9/22/2022,1741.980962,1748.410539,1694.807065,1712.533372,3871096,,
9/23/2022,1711.4597,1727.290978,1681.346665,1692.347803,4223880,,
9/26/2022,1691.832993,1718.863131,1676.505696,1688.126009,4220694,,
9/27/2022,1690.459844,1731.850243,1667.048512,1716.686254,4405860,,
9/28/2022,1717.265151,1729.023392,1667.619272,1695.982118,4131409,,
9/29/2022,1695.388024,1713.768683,1664.698258,1669.874699,4280048,,
9/30/2022,1668.778172,1713.018102,1651.972975,1695.192448,4206314,,
10/3/2022,1697.04506,1752.076892,1690.877207,1747.582077,3550700,,
10/4/2022,1746.607171,1764.913539,1718.632015,1755.655496,3466617,,
10/5/2022,1755.997456,1767.608526,1732.657228,1744.384224,3248610,,
10/6/2022,1741.574256,1753.268844,1694.009769,1701.401494,3311655,,
10/7/2022,1696.523389,1709.168033,1669.016678,1681.194194,3369913,,
10/10/2022,1679.518335,1696.705733,1654.819664,1672.848231,3310735,,
10/11/2022,1675.656172,1690.027736,1658.813283,1668.524516,3518956,,
10/12/2022,1671.93949,1710.312396,1632.621933,1698.911449,3622128,,
10/13/2022,1698.981801,1731.127425,1656.916127,1679.403852,4645483,,
10/14/2022,1676.774707,1725.119227,1666.027304,1704.744368,3728864,,
10/17/2022,1709.429814,1751.548966,1705.426009,1728.603871,3265421,,
10/18/2022,1739.614343,1753.648797,1706.597933,1722.569535,3914606,,
10/19/2022,1726.029392,1745.497006,1700.803948,1709.830569,3524851,,
10/20/2022,1710.725465,1748.35601,1692.114959,1736.669193,3796383,,
10/21/2022,1740.698326,1767.533002,1719.787797,1759.146667,3840191,,
10/24/2022,1758.250434,1794.924473,1748.979741,1789.890068,3204956,,
10/25/2022,1780.533442,1812.971646,1773.172326,1789.171697,3074552,,
10/26/2022,1787.242515,1811.11426,1760.150027,1780.73018,3383080,,
10/27/2022,1776.015381,1824.855892,1758.448028,1813.679852,3419593,,
10/28/2022,1812.010022,1829.412948,1792.291587,1817.652516,3102726,,
10/31/2022,1817.864543,1834.10274,1802.249387,1809.751819,3047029,,
11/1/2022,1808.045911,1828.962786,1764.975065,1769.67106,3192349,,
11/2/2022,1769.374013,1779.309917,1733.383725,1745.333506,3342363,,
11/3/2022,1743.883122,1773.69762,1729.572812,1758.154801,3296018,,
11/4/2022,1748.291096,1784.29835,1741.616951,1776.84836,3402149,,
11/7/2022,1772.851318,1803.394452,1761.888511,1788.452404,2633816,,
11/8/2022,1786.962897,1799.142436,1751.96577,1758.873709,2958751,,
11/9/2022,1759.341415,1839.660083,1747.20013,1824.20762,3279201,,
11/10/2022,1828.88482,1871.537521,1817.052945,1860.956776,3549585,,
11/11/2022,1857.069821,1873.722917,1845.255498,1852.984083,2871395,,
11/14/2022,1854.696195,1888.209584,1847.444209,1863.189906,2853819,,
11/15/2022,1861.92077,1879.423685,1842.787085,1851.379871,3174991,,
11/16/2022,1854.163966,1860.915025,1823.818886,1842.594119,2509852,,
11/17/2022,1845.396267,1860.762787,1829.06026,1846.421359,2474438,,
11/18/2022,1847.385034,1855.627122,1830.382339,1840.891715,2280407,,
11/21/2022,1840.522898,1859.628775,1831.772361,1856.106723,1989045,,
11/22/2022,1855.698268,1872.099905,1848.285388,1868.050629,1955546,,
11/23/2022,1869.909164,1879.812318,1862.063705,1870.644646,1711168,,
11/25/2022,1867.755204,1871.412091,1843.016953,1847.852847,1460901,,
11/28/2022,1847.283338,1856.504741,1830.955859,1838.353564,2357935,,
11/29/2022,1838.421853,1888.048707,1826.437984,1880.136214,2817111,,
11/30/2022,1884.115755,1905.475448,1864.794105,1891.28196,3574672,,
12/1/2022,1891.031319,1900.994419,1858.717018,1892.563787,2846028,,
12/2/2022,1890.818989,1893.388098,1850.45362,1863.906685,2744431,,
12/5/2022,1864.390545,1868.277516,1824.805404,1834.428863,2542729,,
12/6/2022,1834.759394,1842.969058,1814.462596,1823.898565,2867495,,
12/7/2022,1823.218915,1844.572637,1812.942941,1833.589862,2693187,,
12/8/2022,1833.132062,1846.629537,1815.63387,1823.98579,2560302,,
12/9/2022,1823.50417,1846.341166,1815.613274,1839.041182,2459307,,
12/12/2022,1845.791327,1904.54939,1842.030882,1863.569343,2850732,,
12/13/2022,1870.620461,1901.012475,1848.483449,1865.609571,3942575,,
12/14/2022,1867.924512,1874.031241,1813.670266,1824.030797,3039622,,
12/15/2022,1823.176804,1828.546908,1786.915555,1799.961797,3297936,,
12/16/2022,1797.268147,1808.066718,1771.0005,1780.11731,2822833,,
12/19/2022,1778.610405,1792.825687,1759.676017,1779.083298,2341859,,
12/20/2022,1782.413172,1808.050489,1776.554336,1800.273258,2484143,,
12/21/2022,1804.339046,1813.389234,1758.327552,1785.240579,2579100,,
12/22/2022,1786.525262,1796.731945,1760.110192,1783.825196,2671288,,
12/23/2022,1785.45784,1798.312862,1766.996104,1777.648005,2116307,,
12/27/2022,1778.940698,1788.646605,1754.89082,1758.25788,1912929,,
12/28/2022,1759.305219,1790.08649,1751.667223,1778.594491,2005869,,
12/29/2022,1777.676722,1788.198786,1760.251278,1782.726452,1870354,,
12/30/2022,1794.021573,1801.669782,1759.430866,1775.657105,2479705,,
1/3/2023,1778.488747,1798.583258,1765.008182,1783.889407,2944156,,
1/4/2023,1782.169403,1793.415764,1760.407309,1770.236367,2956046,,
1/5/2023,1771.010334,1807.381816,1760.311391,1796.456823,2879549,,
1/6/2023,1797.525547,1828.987352,1793.390026,1808.361228,2985591,,
1/9/2023,1808.889649,1828.804406,1799.113966,1821.13054,2559616,,
1/10/2023,1820.948856,1842.335935,1816.217313,1841.175103,2313448,,
1/11/2023,1841.748188,1863.675758,1826.737817,1859.883505,2603016,,
1/12/2023,1859.767981,1872.636065,1841.115854,1868.765003,2904148,,
1/13/2023,1869.556394,1877.019608,1851.453066,1864.775338,2396080,,
1/17/2023,1864.264986,1878.987506,1838.977689,1841.339306,2472153,,
1/18/2023,1840.881784,1845.244386,1814.77037,1821.195202,2879901,,
1/19/2023,1823.479496,1846.923102,1812.6261,1842.464777,2830534,,
1/20/2023,1843.480264,1876.237007,1838.448501,1870.045702,2572538,,
1/23/2023,1869.669965,1884.426806,1857.8272,1874.914933,2414793,,
1/24/2023,1876.729603,1881.241105,1844.854368,1874.300444,2466021,,
1/25/2023,1874.833222,1893.493585,1861.03236,1888.652972,2720309,,
1/26/2023,1885.049746,1908.803993,1880.649753,1900.675661,2511172,,
1/27/2023,1897.95423,1906.847407,1877.564933,1881.706595,2537967,,
1/30/2023,1882.963077,1906.414006,1866.193344,1899.790164,2731987,,
1/31/2023,1898.537983,1936.344026,1882.210488,1923.743192,2920193,,
2/1/2023,1926.417237,1965.919725,1917.17952,1954.506563,3291270,,
2/2/2023,1950.881979,1968.244196,1933.207486,1947.298749,3577902,,
2/3/2023,1940.862123,1947.013371,1920.797443,1930.38432,3237417,,
2/6/2023,1928.387646,1951.069423,1912.601378,1944.910567,2810772,,
2/7/2023,1941.433218,1953.532606,1918.905966,1931.606517,3126327,,
2/8/2023,1931.868841,1949.005051,1904.531708,1910.718154,2799701,,
2/9/2023,1912.911726,1920.61686,1891.363496,1906.41119,2803892,,
2/10/2023,1907.979215,1928.242481,1895.121896,1925.731356,2514355,,
2/13/2023,1926.752381,1945.465324,1905.182516,1932.314126,2559443,,
2/14/2023,1930.662308,1948.083277,1914.38114,1941.63711,3273526,,
2/15/2023,1941.45641,1947.939352,1912.19361,1922.489573,2698192,,
2/16/2023,1921.232214,1927.188494,1898.925619,1915.437115,3051352,,
2/17/2023,1913.902135,1916.437581,1873.329693,1878.115867,3010375,,
2/21/2023,1878.250138,1887.845412,1861.442903,1869.055989,2878530,,
2/22/2023,1873.284276,1886.326123,1856.664436,1877.137132,2929283,,
2/23/2023,1876.88698,1882.60064,1846.637637,1861.516648,2974817,,
2/24/2023,1860.915436,1881.759567,1851.865196,1862.87524,2950063,,
2/27/2023,1864.245856,1878.074356,1853.660909,1860.783431,2589136,,
2/28/2023,1860.019225,1870.834038,1847.408808,1855.513089,2976966,,
3/1/2023,1857.554697,1870.332929,1840.001822,1862.748628,3113677,,
3/2/2023,1862.151767,1890.947375,1854.77777,1887.806464,2816743,,
3/3/2023,1887.026806,1906.278123,1874.748344,1888.798152,2590059,,
3/6/2023,1888.986232,1897.514752,1865.844148,1869.333463,2567513,,
3/7/2023,1869.77126,1877.712223,1851.844204,1863.777479,3115323,,
3/8/2023,1864.443967,1874.230468,1828.853776,1834.544455,3104641,,
3/9/2023,1834.704985,1846.619195,1791.229052,1800.698898,4176027,,
3/10/2023,1806.285474,1828.961995,1767.532274,1789.154133,4646253,,
3/13/2023,1802.722593,1839.536037,1789.490158,1820.518954,3958531,,
3/14/2023,1827.840706,1842.947449,1790.981457,1824.618167,4685878,,
3/15/2023,1825.071495,1855.193311,1799.192195,1845.626881,4397166,,
3/16/2023,1844.965669,1861.626595,1815.40542,1832.779729,3791315,,
3/17/2023,1838.340956,1855.202924,1807.494725,1840.103206,3403391,,
3/20/2023,1843.536768,1870.454854,1833.826555,1863.879495,2737799,,
3/21/2023,1866.0974,1883.486404,1834.987773,1843.133749,2667596,,
3/22/2023,1844.802864,1875.127177,1825.505464,1839.801444,3141002,,
3/23/2023,1844.027929,1857.574398,1819.658669,1847.583561,3381085,,
3/24/2023,1850.613985,1867.318048,1837.316984,1854.252877,2849352,,
3/27/2023,1857.503585,1864.910143,1843.132,1851.584666,2099658,,
3/28/2023,1853.967584,1874.141792,1849.830118,1869.130211,2084565,,
3/29/2023,1869.199709,1889.295764,1864.963471,1880.836567,2270842,,
3/30/2023,1881.170523,1909.597663,1878.171202,1906.169923,2312731,,
3/31/2023,1903.662773,1921.103694,1894.769416,1916.302221,2566314,,
4/3/2023,1914.244346,1925.124321,1895.03193,1904.64791,2276129,,
4/4/2023,1906.300276,1910.750648,1883.812333,1893.15773,2485176,,
4/5/2023,1892.512814,1901.14639,1879.979945,1896.08824,2346494,,
4/6/2023,1894.500067,1905.434024,1888.774664,1897.784422,1367618,,
4/7/2023,1901.564651,1908.248134,1883.507808,1903.476713,881135,,
4/10/2023,1905.260599,1915.079341,1895.317385,1905.532905,1978893,,
4/11/2023,1906.128721,1923.48331,1894.16469,1896.90895,2252454,,
4/12/2023,1896.831446,1925.183637,1891.195737,1916.024254,2684095,,
4/13/2023,1913.335667,1928.365165,1897.251142,1914.583336,2454667,,
4/14/2023,1917.769777,1925.994526,1905.694763,1920.884177,2691633,,
4/17/2023,1921.940477,1932.173896,1909.407575,1920.417281,2164694,,
4/18/2023,1919.399211,1925.985636,1907.650356,1920.172782,2220897,,
4/19/2023,1917.6153,1921.546036,1901.900496,1911.134434,2272971,,
4/20/2023,1910.78163,1916.274352,1897.452374,1910.15844,2665734,,
4/21/2023,1908.073064,1915.96331,1897.639944,1909.574483,2471155,,
4/24/2023,1907.823445,1909.955169,1878.669148,1884.097087,2404530,,
4/25/2023,1889.600479,1893.905294,1868.423847,1871.846031,2921757,,
4/26/2023,1876.625853,1905.098425,1869.216535,1895.611782,2899993,,
4/27/2023,1894.473564,1919.688097,1886.696833,1915.487773,2748195,,
4/28/2023,1915.739417,1929.883962,1907.746043,1918.728365,2511348,,
5/1/2023,1916.555256,1922.714235,1886.83141,1898.511305,2358183,,
5/2/2023,1896.615408,1916.750201,1878.50501,1887.698624,3140683,,
5/3/2023,1880.617116,1894.478633,1862.74574,1872.618696,2800843,,
5/4/2023,1870.791213,1906.935228,1867.393373,1897.600788,2939027,,
5/5/2023,1897.952944,1913.854385,1889.288973,1905.575514,2292167,,
5/8/2023,1905.155435,1907.623667,1893.143715,1900.361267,1813963,,
5/9/2023,1899.805552,1918.518291,1888.710255,1905.735488,2261278,,
5/10/2023,1906.050198,1916.058446,1888.994701,1902.04489,2867333,,
5/11/2023,1902.239489,1911.628121,1886.674618,1898.14557,2395772,,
5/12/2023,1896.111117,1913.599026,1889.15439,1906.259767,2217757,,
5/15/2023,1904.841987,1911.737273,1890.653206,1896.607707,2074211,,
5/16/2023,1898.494449,1921.657468,1892.533201,1915.779217,2348126,,
5/17/2023,1916.02016,1938.267956,1909.002746,1935.372401,2736923,,
5/18/2023,1936.508703,1948.301888,1922.69284,1933.883092,2832523,,
5/19/2023,1929.163008,1947.906845,1923.483881,1938.505288,2594434,,
5/22/2023,1938.092523,1950.944027,1922.739373,1926.795953,2376429,,
5/23/2023,1927.496192,1935.480655,1902.47359,1909.172981,2815479,,
5/24/2023,1919.015026,1926.146546,1898.900496,1913.580226,3180305,,
5/25/2023,1916.37299,1945.18074,1908.980207,1940.146478,3063972,,
5/26/2023,1948.630421,1962.763874,1932.255701,1946.633902,3045247,,
5/30/2023,1949.224208,1952.31965,1927.005797,1936.626731,3070271,,
5/31/2023,1934.897747,1955.375341,1924.406199,1947.006578,3170935,,
6/1/2023,1948.671222,1986.012642,1945.783624,1981.654511,2995857,,
6/2/2023,1982.464603,1997.384549,1967.000967,1979.808572,3018446,,
6/5/2023,1979.613669,1998.284749,1970.691408,1991.535798,2670285,,
6/6/2023,1991.741191,2008.783016,1977.603507,1993.13905,2796512,,
6/7/2023,1993.932246,2006.93385,1980.578139,1997.608512,2938469,,
6/8/2023,1997.169915,2010.046544,1987.641143,1999.100245,2674386,,
6/9/2023,1998.676552,2019.436033,1995.010129,2013.628595,2990223,,
6/12/2023,2026.597139,2047.603473,2022.716612,2041.054215,2781822,,
6/13/2023,2051.23866,2063.665145,2030.030037,2049.018007,3733770,,
6/14/2023,2050.225019,2072.503607,2033.782162,2065.62014,3313313,,
6/15/2023,2065.046376,2082.365885,2050.161219,2061.962509,3049313,,
6/16/2023,2064.467485,2068.426665,2042.753112,2054.002583,2911798,,
6/20/2023,2053.139127,2057.836529,2032.533325,2040.853269,2478619,,
6/21/2023,2040.2132,2049.739852,2026.194315,2040.052192,2377173,,
6/22/2023,2041.753501,2044.099496,2016.05633,2024.59262,2411319,,
6/23/2023,2024.934112,2036.031112,2007.848837,2013.895411,2530807,,
6/26/2023,2015.866636,2038.458708,2009.666188,2031.404419,2512627,,
6/27/2023,2030.288652,2045.416576,2022.050574,2038.709879,2492835,,
6/28/2023,2040.462436,2054.121458,2031.244372,2047.210726,2646934,,
6/29/2023,2047.628909,2069.632926,2045.145881,2063.706932,2492087,,
6/30/2023,2062.961042,2077.707097,2059.024601,2072.637125,2230633,,
7/3/2023,2071.852052,2076.641637,2057.747861,2065.154399,1498134,,
7/5/2023,2064.206367,2065.122801,2031.45428,2046.057768,2181013,,
7/6/2023,2044.010664,2062.089927,2030.846738,2042.686139,2637665,,
7/7/2023,2042.746211,2059.286308,2030.306548,2052.516781,2597430,,
7/10/2023,2053.605168,2068.069823,2044.850422,2065.589328,2229553,,
7/11/2023,2065.210464,2093.18241,2063.588523,2082.506272,2379956,,
7/12/2023,2083.063743,2106.018231,2082.215529,2101.044389,2617696,,
7/13/2023,2099.358915,2114.546571,2089.786486,2100.613966,2120733,,
7/14/2023,2099.278402,2119.616347,2094.970299,2112.038958,2160790,,
7/17/2023,2110.682216,2135.391049,2103.992329,2130.700081,2015852,,
7/18/2023,2128.536415,2146.677749,2125.055056,2137.48898,2318194,,
7/19/2023,2135.52483,2145.318447,2113.634765,2122.272941,2693877,,
7/20/2023,2122.211726,2132.455376,2111.383164,2114.448526,2539324,,
7/21/2023,2114.994024,2128.454863,2110.151174,2119.049013,2251803,,
7/24/2023,2119.467272,2133.777632,2115.687342,2125.815913,2024529,,
7/25/2023,2128.443701,2139.741364,2116.238524,2129.843972,2246955,,
7/26/2023,2130.107792,2150.220644,2110.048428,2118.061008,2616783,,
7/27/2023,2118.479595,2146.534324,2109.848215,2133.61543,2917084,,
7/28/2023,2134.437112,2150.357332,2128.195611,2146.167052,2375286,,
7/31/2023,2147.38599,2151.515311,2130.437188,2143.923155,2126878,,
8/1/2023,2138.068751,2142.093498,2110.244318,2117.379359,2338211,,
8/2/2023,2113.9798,2122.358548,2095.72813,2105.957904,2894915,,
8/3/2023,2105.176,2122.019359,2092.629129,2097.399547,2917565,,
8/4/2023,2098.129466,2116.245958,2089.370458,2105.692255,2912717,,
8/7/2023,2106.671009,2111.783722,2079.037679,2099.882591,2371233,,
8/8/2023,2099.361911,2107.052743,2075.443221,2083.931206,2646207,,
8/9/2023,2086.11707,2108.908109,2072.802687,2079.206991,2857616,,
8/10/2023,2081.45384,2093.557286,2067.073915,2077.314328,3130136,,
8/11/2023,2078.695164,2089.109299,2063.424588,2082.78877,2352891,,
8/14/2023,2083.771114,2090.428369,2060.764219,2067.784753,2213160,,
8/15/2023,2068.137112,2076.386339,2044.502595,2046.834309,2491488,,
8/16/2023,2046.536668,2055.760356,2023.916879,2026.950322,2531931,,
8/17/2023,2025.45137,2035.460765,2008.055129,2024.280851,2723822,,
8/18/2023,2024.270557,2040.139785,2011.651158,2031.74392,2773631,,
8/21/2023,2030.894743,2046.402577,2022.485458,2030.345624,2309561,,
8/22/2023,2030.307428,2057.887926,2026.945233,2045.070045,2278421,,
8/23/2023,2051.662043,2067.50416,2017.781046,2026.211148,2501313,,
8/24/2023,2028.36137,2046.828981,2008.535238,2028.745548,3046386,,
8/25/2023,2029.730266,2050.663395,2026.121531,2043.410268,2793822,,
8/28/2023,2044.503806,2071.695333,2037.952933,2069.519688,2171131,,
8/29/2023,2070.369844,2087.744634,2063.543617,2083.148838,2350170,,
8/30/2023,2085.376036,2095.992827,2076.172107,2082.981776,2291521,,
8/31/2023,2083.662322,2101.275524,2078.188126,2087.95289,2262932,,
9/1/2023,2087.887726,2095.986885,2069.802711,2076.15711,2370253,,
9/5/2023,2075.372756,2080.90762,2055.439843,2064.381626,2371345,,
9/6/2023,2063.056296,2066.162021,2040.23128,2052.196685,2552122,,
9/7/2023,2052.611681,2059.706365,2041.896426,2050.976831,2504886,,
9/8/2023,2051.813315,2068.173937,2048.629494,2060.371596,2379665,,
9/11/2023,2071.8719,2081.315497,2061.285491,2068.278198,2804075,,
9/12/2023,2078.457357,2087.07567,2064.364489,2073.306926,3061456,,
9/13/2023,2074.254489,2095.003958,2070.16368,2089.801659,2840634,,
9/14/2023,2091.377649,2099.66197,2065.196454,2073.365934,2743013,,
9/15/2023,2073.489537,2080.322384,2059.72354,2064.658413,2681345,,
9/18/2023,2065.686456,2070.67079,2048.85691,2059.96807,2000795,,
9/19/2023,2060.272024,2071.636587,2039.170176,2043.977643,2386636,,
9/20/2023,2043.377494,2046.299762,2012.952257,2015.301048,2581893,,
9/21/2023,2014.767439,2025.830287,2001.738513,2004.123847,3015239,,
9/22/2023,2004.931518,2015.32579,1993.276288,2008.043229,2651224,,
9/25/2023,2009.937781,2012.273769,1982.53742,1990.279831,2586895,,
9/26/2023,1992.705029,2003.055704,1972.285527,1986.600957,2887014,,
9/27/2023,1990.887727,2006.745313,1976.025359,1996.604864,3154572,,
9/28/2023,1999.737464,2016.385635,1985.517262,1994.5734,3216880,,
9/29/2023,2005.363834,2013.292358,1976.682419,1989.359148,3336809,,
10/2/2023,1992.771215,1996.655804,1956.492756,1965.291371,3213483,,
10/3/2023,1964.506862,1979.572885,1944.148258,1968.355547,3553546,,
10/4/2023,1965.920261,1976.26801,1950.657976,1969.664423,3304233,,
10/5/2023,1968.15143,1994.307101,1948.379975,1986.58659,2993609,,
10/6/2023,1977.58304,2005.583257,1964.422966,2000.793169,3301735,,
10/9/2023,1997.725254,2024.169072,1994.156213,2014.087561,2487591,,
10/10/2023,2014.372375,2030.646327,2006.856891,2020.555233,2582592,,
10/11/2023,2023.752034,2033.261153,1994.521462,2007.116706,2592433,,
10/12/2023,2008.263943,2018.321095,1984.405965,1992.587039,3132152,,
10/13/2023,1992.37137,2018.209316,1986.376118,2007.866292,3179690,,
10/16/2023,2009.273604,2026.628565,1993.102108,2016.437366,2823861,,
10/17/2023,2016.392628,2019.256055,1986.193958,1993.842902,3191367,,
10/18/2023,1994.173846,2002.420208,1966.250209,1971.149999,3812402,,
10/19/2023,1969.295515,1974.479513,1945.284004,1948.147767,4068999,,
10/20/2023,1949.075832,1959.521787,1927.343675,1937.478849,3580580,,
10/23/2023,1941.881701,1961.53978,1933.450244,1947.904602,3115181,,
10/24/2023,1949.130595,1955.672444,1922.281309,1928.463652,3052129,,
10/25/2023,1925.962948,1934.035343,1900.455782,1907.822203,3437512,,
10/26/2023,1910.151253,1920.238507,1887.958343,1894.185878,3737798,,
10/27/2023,1899.421189,1920.286301,1890.812222,1907.041234,3360068,,
10/30/2023,1907.739231,1924.910287,1899.222678,1920.832142,3005643,,
10/31/2023,1918.125285,1940.911549,1909.473167,1938.53989,2981597,,
11/1/2023,1938.278222,1975.228265,1936.269149,1972.463519,3139826,,
11/2/2023,1969.791493,2010.539379,1969.321025,2003.787417,2874468,,
11/3/2023,2003.501718,2015.681992,1991.461976,2005.054543,2732766,,
11/6/2023,2003.987013,2015.136597,1994.910804,2010.620316,2250008,,
11/7/2023,2010.163002,2016.57474,1996.085621,2006.664719,2226511,,
11/8/2023,2004.564253,2015.618457,1987.083955,1991.862498,2454579,,
11/9/2023,1991.985329,2019.108898,1983.360415,2010.706786,3032039,,
11/10/2023,2009.397501,2022.557203,1998.547977,2017.347457,2620581,,
11/13/2023,2017.398589,2065.577608,2013.010273,2060.661333,2261209,,
11/14/2023,2062.681847,2090.115472,2057.508394,2073.993962,3130641,,
11/15/2023,2072.109457,2080.00289,2058.205729,2067.238492,2694636,,
11/16/2023,2068.236351,2078.910409,2061.715773,2073.532167,2454821,,
11/17/2023,2073.421026,2091.099731,2067.367623,2086.688145,2206183,,
11/20/2023,2087.049231,2094.473345,2070.317749,2079.889114,2043153,,
11/21/2023,2078.971709,2096.273423,2074.347286,2085.858502,2000514,,
11/22/2023,2084.849506,2096.510888,2080.91404,2091.335809,1966936,,
11/24/2023,2090.235567,2095.123651,2080.304699,2088.428034,1271193,,
11/27/2023,2088.611569,2094.744508,2079.350894,2088.192706,1993733,,
11/28/2023,2089.003924,2108.600664,2085.439623,2090.396798,2383057,,
11/29/2023,2092.39511,2108.852047,2082.940861,2097.40709,2675300,,
11/30/2023,2095.931106,2121.66729,2086.544797,2118.860457,3056097,,
12/1/2023,2119.000396,2128.229629,2100.40747,2120.305964,3106032,,
12/4/2023,2119.853244,2124.543942,2100.299303,2111.380515,2920478,,
12/5/2023,2110.273826,2128.763094,2101.656886,2105.31378,2925788,,
12/6/2023,2105.266753,2123.02524,2098.097849,2116.189152,2832256,,
12/7/2023,2115.203299,2131.956142,2104.730236,2127.094186,2778950,,
12/8/2023,2126.329148,2140.05979,2118.991348,2137.623862,3071059,,
12/11/2023,2151.137365,2166.487459,2142.241223,2159.282419,2736938,,
12/12/2023,2171.85167,2208.422881,2164.343009,2205.020828,2995425,,
12/13/2023,2205.586492,2236.663053,2198.123097,2226.9257,3316758,,
12/14/2023,2224.647395,2243.447062,2215.426455,2226.776267,3550217,,
12/15/2023,2227.295157,2240.318444,2222.868886,2230.880309,2735123,,
12/18/2023,2229.723626,2252.853626,2227.984482,2250.61215,1928974,,
12/19/2023,2249.635177,2262.023774,2221.39616,2226.603199,2136932,,
12/20/2023,2229.436215,2249.339546,2220.557268,2239.251581,2829607,,
12/21/2023,2238.459782,2257.698869,2232.207665,2249.805795,2499739,,
12/22/2023,2247.297154,2268.8337,2246.018382,2263.515811,1875270,,
12/26/2023,2263.706507,2274.455569,2259.035355,2270.282143,1327326,,
12/27/2023,2271.06796,2276.56412,2262.544362,2268.164513,1644930,,
12/28/2023,2268.673402,2273.240221,2249.544841,2257.020302,1641878,,
12/29/2023,2256.801605,2263.612281,2227.707348,2240.070107,2290843,,
1/2/2024,2241.390635,2243.052001,2206.37939,2210.826558,2781884,,
1/3/2024,2212.389249,2220.639262,2198.638417,2201.917211,2701735,,
1/4/2024,2204.159109,2215.554366,2183.45626,2198.819862,2398064,,
1/5/2024,2199.565002,2228.586589,2185.916211,2225.061293,2698658,,
1/8/2024,2223.64302,2234.586982,2202.977347,2225.778728,2334534,,
1/9/2024,2224.602213,2236.474997,2214.883049,2231.868717,2216139,,
1/10/2024,2231.955529,2246.583992,2209.32451,2231.81403,2500329,,
1/11/2024,2230.523272,2247.084972,2215.698179,2228.159141,2819929,,
1/12/2024,2226.36658,2235.409049,2205.427608,2218.661734,2768351,,
1/16/2024,2218.490312,2220.598147,2191.457468,2207.692966,3006419,,
1/17/2024,2207.19245,2225.442349,2194.605178,2219.318655,2887395,,
1/18/2024,2219.160188,2250.517898,2213.58205,2246.49261,2886348,,
1/19/2024,2248.30123,2274.260372,2246.725986,2266.89379,2857772,,
1/22/2024,2267.656595,2279.496966,2258.058609,2267.666589,2202176,,
1/23/2024,2268.882575,2289.460884,2260.233832,2266.630511,2220372,,
1/24/2024,2268.375739,2288.099349,2261.656138,2274.71881,2667355,,
1/25/2024,2272.661256,2285.539576,2264.250312,2274.440204,2509536,,
1/26/2024,2271.577894,2295.233001,2265.17822,2292.507924,2208382,,
1/29/2024,2290.123591,2301.061294,2274.289983,2289.782987,2021174,,
1/30/2024,2283.100018,2291.222728,2254.762538,2258.696902,2318807,,
1/31/2024,2258.60727,2285.545444,2244.896899,2268.505226,3457971,,
2/1/2024,2274.348452,2297.181112,2258.509771,2285.145065,3031252,,
2/2/2024,2285.808248,2293.875259,2260.023058,2278.740724,2973405,,
2/5/2024,2277.701292,2288.818959,2264.80856,2281.649741,2447814,,
2/6/2024,2280.54679,2297.588729,2274.522763,2291.283517,2160363,,
2/7/2024,2290.933982,2307.669245,2284.205237,2305.478941,2092709,,
2/8/2024,2304.112214,2324.470077,2300.088054,2319.377608,1774435,,
2/9/2024,2318.053,2340.56287,2312.189787,2330.835526,2073123,,
2/12/2024,2328.76153,2334.370908,2276.128153,2289.688385,2432353,,
2/13/2024,2290.682112,2313.829483,2276.568363,2303.951354,3364187,,
2/14/2024,2304.269405,2332.460475,2299.438753,2328.774611,2673264,,
2/15/2024,2329.284904,2338.283627,2308.448592,2316.031791,2515781,,
2/16/2024,2314.890324,2322.096145,2289.027059,2299.529346,2866047,,
2/20/2024,2299.077692,2307.433624,2274.847875,2291.576713,2688316,,
2/21/2024,2297.662236,2328.587948,2292.091829,2321.591701,2574394,,
2/22/2024,2322.058359,2345.267825,2316.218099,2333.218392,2760354,,
2/23/2024,2331.023896,2344.382664,2325.389937,2335.162924,2131470,,
2/26/2024,2332.859385,2346.69471,2325.521944,2340.218242,1916486,,
2/27/2024,2339.174392,2341.443771,2323.308634,2332.731409,1856137,,
2/28/2024,2329.351884,2352.426782,2322.516464,2342.328716,2181844,,
2/29/2024,2339.705075,2365.367157,2332.585395,2361.39833,2818514,,
3/1/2024,2360.094119,2372.734662,2351.216749,2361.096697,2462310,,
3/4/2024,2359.008278,2362.114675,2328.625152,2336.61255,2361378,,
3/5/2024,2337.99088,2355.819737,2327.268934,2339.997508,3036554,,
3/6/2024,2340.713305,2368.440686,2329.504323,2359.336636,3076342,,
3/7/2024,2358.978827,2382.190367,2338.096498,2353.407246,3230730,,
3/8/2024,2354.549603,2359.805204,2338.110539,2343.179564,3682379,,
3/11/2024,2361.1204,2377.908879,2345.800341,2370.163201,3136361,,
3/12/2024,2383.136565,2398.909791,2372.425504,2387.008861,3534888,,
3/13/2024,2387.903713,2396.308758,2357.865611,2371.002491,2840322,,
3/14/2024,2370.961961,2379.717853,2349.835742,2360.262743,3335417,,
3/15/2024,2360.604094,2379.841208,2349.507974,2360.172277,2904991,,
3/18/2024,2360.666928,2377.710908,2347.331428,2372.148954,2333790,,
3/19/2024,2372.518461,2405.056103,2362.665938,2398.953523,2363910,,
3/20/2024,2402.477892,2428.1271,2400.638695,2417.207095,2393720,,
3/21/2024,2419.831565,2427.064005,2401.830645,2407.223549,2175735,,
3/22/2024,2406.88282,2413.85044,2395.761027,2402.478415,1880287,,
3/25/2024,2403.388557,2413.807698,2395.199249,2396.832902,1638181,,
3/26/2024,2400.052433,2423.929878,2394.111655,2415.757397,1959373,,
3/27/2024,2417.242786,2430.082415,2411.902413,2422.015604,2296368,,
3/28/2024,2424.019412,2436.665535,2405.562004,2413.015075,2204188,,
4/1/2024,2413.007046,2416.872951,2378.30115,2389.341186,2066621,,
4/2/2024,2391.049168,2400.97516,2373.145268,2390.292941,2391890,,
4/3/2024,2391.725714,2410.80867,2360.809199,2366.136808,2555978,,
4/4/2024,2367.261513,2394.945029,2352.045338,2372.92469,3148247,,
4/5/2024,2376.756167,2391.120482,2366.248865,2381.696759,2759701,,
4/8/2024,2384.125472,2392.743528,2367.007375,2385.909248,2181291,,
4/9/2024,2388.13616,2398.273867,2341.931949,2359.611673,2902511,,
4/10/2024,2359.154416,2381.646755,2335.109102,2367.932565,3656478,,
4/11/2024,2367.572018,2377.122387,2329.40349,2343.72195,2981208,,
4/12/2024,2341.526352,2360.509224,2305.937586,2312.688354,3237942,,
4/15/2024,2312.989932,2327.151084,2292.215818,2304.169463,3471761,,
4/16/2024,2305.047563,2317.309284,2282.261028,2288.249151,3401945,,
4/17/2024,2289.532491,2306.844717,2273.397546,2279.793,3099258,,
4/18/2024,2279.401138,2292.669953,2242.145876,2268.033556,3166998,,
4/19/2024,2271.850313,2294.042637,2256.333368,2278.386443,3436728,,
4/22/2024,2280.869632,2313.90357,2273.461214,2305.088092,2465566,,
4/23/2024,2308.933305,2321.928119,2290.930045,2311.303188,2349465,,
4/24/2024,2303.760531,2323.768864,2273.039786,2298.795591,2677724,,
4/25/2024,2304.245072,2324.697284,2289.913966,2313.845578,2870734,,
4/26/2024,2322.342286,2332.234864,2314.036468,2326.840083,2250662,,
4/29/2024,2328.227639,2330.190362,2287.58963,2297.420162,2111530,,
4/30/2024,2291.767529,2325.261368,2274.61855,2285.323971,2835094,,
5/1/2024,2288.1334,2323.165161,2280.078301,2305.046561,2994750,,
5/2/2024,2313.2034,2346.918991,2307.178864,2334.528731,2465012,,
5/3/2024,2341.515538,2361.196418,2335.249661,2358.023959,2274885,,
5/6/2024,2359.037814,2373.198648,2355.67502,2366.00052,1701139,,
5/7/2024,2364.214435,2372.230801,2352.972355,2365.563673,1782789,,
5/8/2024,2364.039001,2379.329038,2355.323711,2376.250082,1708618,,
5/9/2024,2376.953567,2390.661306,2367.37134,2378.03778,1785539,,
5/10/2024,2376.980915,2391.894799,2374.05527,2380.450929,1748489,,
5/13/2024,2378.889142,2398.206663,2368.222227,2392.368758,1702087,,
5/14/2024,2392.354566,2421.799956,2387.756992,2416.801104,2157400,,
5/15/2024,2416.085825,2430.598993,2409.115967,2418.477853,2255644,,
5/16/2024,2417.405229,2424.718594,2409.789789,2418.367304,1924376,,
5/17/2024,2418.120308,2429.86885,2412.193769,2422.469638,1763128,,
5/20/2024,2422.529344,2428.76654,2414.100315,2424.481281,1665970,,
5/21/2024,2423.96326,2430.934199,2407.499326,2417.786916,1833165,,
5/22/2024,2418.461288,2431.637352,2386.356166,2394.452364,2469918,,
5/23/2024,2395.821014,2416.424807,2387.430188,2402.315095,2916624,,
5/24/2024,2402.851603,2416.826402,2391.06011,2405.111636,2189300,,
5/28/2024,2404.574494,2406.593664,2375.636929,2386.245997,2263324,,
5/29/2024,2380.61177,2390.039621,2361.654711,2375.166248,2380919,,
5/30/2024,2373.745087,2390.962457,2351.651486,2382.616198,2661632,,
5/31/2024,2383.851582,2404.333984,2358.345705,2384.957561,3494387,,
6/3/2024,2386.377204,2394.832856,2363.219466,2381.812648,2735035,,
6/4/2024,2383.015086,2408.721912,2374.886725,2406.140941,2559256,,
6/5/2024,2406.987512,2418.456131,2397.293162,2409.630843,2286605,,
6/6/2024,2410.442802,2418.968435,2390.958681,2400.992611,2132261,,
6/7/2024,2399.821573,2410.445452,2386.564608,2405.501381,2445691,,
6/10/2024,2404.463784,2413.806148,2385.050053,2408.277031,2049035,,
6/11/2024,2407.92683,2447.069932,2400.954608,2427.172682,2450786,,
6/12/2024,2429.795981,2445.22863,2416.39075,2430.182413,2945174,,
6/13/2024,2429.726681,2436.051096,2408.136084,2424.978812,2669648,,
6/14/2024,2440.343609,2462.917929,2428.208707,2456.885012,2865675,,
6/17/2024,2470.721829,2485.354367,2462.752902,2476.826976,3187852,,
6/18/2024,2477.38206,2493.790231,2461.913691,2473.644061,2868628,,
6/20/2024,2474.369341,2482.190931,2460.056394,2471.127029,2717926,,
6/21/2024,2472.83933,2485.618592,2454.607769,2467.25705,2363514,,
6/24/2024,2468.221468,2481.777151,2453.288534,2467.171824,2279503,,
6/25/2024,2465.878838,2474.81815,2455.956504,2470.036113,1960263,,
6/26/2024,2466.067334,2483.142679,2457.715454,2477.050125,2030969,,
6/27/2024,2476.413826,2497.372425,2462.627729,2473.262016,2313631,,
6/28/2024,2477.277362,2491.680218,2457.486257,2471.402196,2929443,,
7/1/2024,2472.661548,2486.910531,2458.441521,2484.643728,2377119,,
7/2/2024,2483.32708,2500.363188,2476.456042,2493.347311,1934337,,
7/3/2024,2493.682812,2509.323629,2483.069466,2501.815579,1641373,,
7/5/2024,2499.957746,2520.479046,2496.700124,2509.908038,2028248,,
7/8/2024,2510.258473,2520.432093,2499.711382,2507.979617,1855880,,
7/9/2024,2508.787756,2531.855589,2507.743488,2528.881053,1895991,,
7/10/2024,2528.098141,2561.728816,2506.396351,2538.5793,2390735,,
7/11/2024,2538.954899,2569.450147,2526.735018,2544.642543,3271125,,
7/12/2024,2550.057125,2581.487096,2543.373931,2563.300181,2834640,,
7/15/2024,2568.063774,2605.043906,2557.970713,2596.149807,2769024,,
7/16/2024,2596.893486,2609.95821,2560.991385,2574.711302,2836268,,
7/17/2024,2577.227453,2589.824289,2533.324395,2543.111542,3593956,,
7/18/2024,2546.822863,2551.823807,2513.054546,2521.663557,3803813,,
7/19/2024,2525.719518,2548.73434,2511.274537,2539.140104,3133082,,
7/22/2024,2539.834359,2560.070341,2528.556632,2547.825027,2613966,,
7/23/2024,2545.55169,2551.242542,2495.880403,2499.943691,2618291,,
7/24/2024,2502.08673,2529.244895,2468.098804,2485.186626,3635097,,
7/25/2024,2488.601052,2527.496317,2482.331549,2506.977182,4024912,,
7/26/2024,2507.77909,2533.118375,2492.631256,2507.346846,2936983,,
7/29/2024,2507.055757,2527.166696,2481.388917,2502.143044,2776468,,
7/30/2024,2498.212988,2554.280745,2486.88566,2525.294984,3276222,,
7/31/2024,2526.967602,2552.304193,2463.727078,2489.694146,3583051,,
8/1/2024,2487.229955,2492.606387,2412.50204,2433.610128,4163512,,
8/2/2024,2416.486494,2422.483753,2319.811014,2368.771808,4804165,,
8/5/2024,2375.402059,2406.655459,2333.544911,2367.026839,4752875,,
8/6/2024,2360.550335,2412.795069,2339.525473,2354.341523,3324901,,
8/7/2024,2344.743588,2413.277757,2329.699037,2393.406328,3305062,,
8/8/2024,2392.651008,2421.233541,2374.194421,2409.924056,2723287,,
8/9/2024,2408.326518,2422.610172,2392.008069,2406.331427,2131407,,
8/12/2024,2406.082039,2443.651687,2399.076753,2438.189254,1967272,,
8/13/2024,2437.717273,2465.884393,2423.794911,2448.595835,2092454,,
8/14/2024,2450.249623,2495.505699,2442.74344,2490.072713,2111831,,
8/15/2024,2490.892328,2512.150923,2479.272,2504.50243,2218006,,
8/16/2024,2506.503896,2527.165904,2496.126083,2524.884533,1859735,,
8/19/2024,2525.355041,2537.435371,2508.714649,2521.542585,1695893,,
8/20/2024,2521.448515,2539.565553,2515.817323,2532.11898,1729654,,
8/21/2024,2533.335642,2545.028104,2506.727767,2514.452426,1987249,,
8/22/2024,2516.826807,2555.835794,2508.863678,2540.81675,2257139,,
8/23/2024,2541.450846,2560.017332,2529.141039,2541.02271,2208142,,
8/26/2024,2538.345324,2549.077133,2522.180114,2537.351269,1784997,,
8/27/2024,2535.87026,2542.445322,2505.658648,2523.025592,1819006,,
8/28/2024,2515.893376,2550.644845,2501.854803,2525.676025,2336507,,
8/29/2024,2525.688092,2548.515361,2512.110576,2540.555286,2335220,,
8/30/2024,2539.605398,2549.577019,2481.589506,2496.245762,2570083,,
9/3/2024,2495.493212,2509.946147,2465.863984,2480.36463,2816089,,
9/4/2024,2478.283392,2494.366849,2459.250516,2472.801748,2695759,,
9/5/2024,2472.462897,2482.993852,2422.736829,2435.156684,2821510,,
9/6/2024,2430.672173,2463.17836,2415.254129,2441.394055,3313571,,
9/9/2024,2442.803057,2459.705308,2422.619258,2453.271196,2449081,,
9/10/2024,2453.282677,2476.769714,2416.002819,2474.234829,2594769,,
9/11/2024,2472.027488,2503.0217,2456.039901,2497.691938,3228559,,
9/12/2024,2496.679326,2528.276918,2493.16639,2523.056689,2583160,,
9/13/2024,2520.870761,2538.333757,2511.144848,2527.727416,2430891,,
9/16/2024,2540.144427,2564.066613,2532.258757,2547.34434,2551713,,
9/17/2024,2560.351699,2592.917451,2547.679307,2554.642268,2784997,,
9/18/2024,2559.317024,2613.398115,2555.642603,2591.196179,2809535,,
9/19/2024,2592.242143,2606.009909,2573.773124,2593.769468,2587098,,
9/20/2024,2595.415672,2604.431475,2579.728322,2592.232267,2333874,,
9/23/2024,2591.379384,2605.198891,2580.67285,2599.425251,1773751,,
9/24/2024,2599.216398,2607.664457,2579.81785,2590.356343,1847690,,
9/25/2024,2593.052963,2617.728555,2587.006068,2601.76831,1797567,,
9/26/2024,2602.029729,2625.418837,2592.07178,2604.885502,2073260,,
9/27/2024,2603.226948,2613.411286,2585.656217,2605.958773,2093067,,
9/30/2024,2603.372924,2613.096856,2567.362301,2587.380552,2482752,,
10/1/2024,2585.742979,2596.327943,2564.596061,2582.070244,2724621,,
10/2/2024,2585.252632,2589.799195,2559.961787,2574.579125,2035175,,
10/3/2024,2573.702593,2602.093455,2566.988284,2595.041512,2261817,,
10/4/2024,2595.296774,2605.556393,2567.173167,2581.429961,2204779,,
10/7/2024,2583.815805,2600.225338,2565.807622,2589.056432,1847030,,
10/8/2024,2589.78736,2615.160867,2577.886421,2608.944016,1821800,,
10/9/2024,2607.114967,2618.179767,2587.844818,2607.885354,1798693,,
10/10/2024,2607.875425,2629.12156,2596.257662,2624.538457,1784529,,
10/11/2024,2623.469789,2646.209847,2615.800876,2641.565931,1660458,,
10/14/2024,2642.469799,2657.794708,2618.520963,2632.397943,1693840,,
10/15/2024,2633.24355,2651.049434,2618.745461,2641.562909,2046828,,
10/16/2024,2640.406624,2658.962412,2631.556719,2645.638533,1720396,,
10/17/2024,2644.809592,2660.59396,2636.693053,2648.396668,1847335,,
10/18/2024,2649.938843,2657.684005,2625.366063,2637.918172,1632450,,
10/21/2024,2638.630813,2643.245546,2618.424939,2635.110307,1770454,,
10/22/2024,2631.403142,2635.028696,2594.191642,2611.512265,1890867,,
10/23/2024,2612.078467,2624.00505,2595.71772,2610.523796,2163726,,
10/24/2024,2611.874391,2634.939713,2599.452801,2609.884178,1966867,,
10/25/2024,2613.015867,2638.302833,2609.375335,2622.798457,2021742,,
10/28/2024,2625.230427,2639.793793,2611.44552,2628.029945,1743229,,
10/29/2024,2631.582715,2644.067981,2611.994098,2621.078816,1964844,,
10/30/2024,2620.040813,2624.323136,2579.346492,2583.706374,2336155,,
10/31/2024,2583.8899,2608.58928,2566.465795,2582.364024,2819792,,
11/1/2024,2579.655092,2601.491192,2566.096266,2581.339214,2369388,,
11/4/2024,2581.659505,2614.918359,2572.327472,2606.084523,2039820,,
11/5/2024,2610.649685,2698.878983,2604.644534,2690.4547,2141316,,
11/6/2024,2692.831927,2728.310041,2683.171489,2717.20928,3036184,,
11/7/2024,2719.760877,2735.784934,2709.526881,2730.233739,2014009,,
11/8/2024,2733.029568,2756.542721,2725.139102,2745.755675,1889193,,
11/11/2024,2746.122291,2752.160325,2719.090887,2729.049677,1877615,,
11/12/2024,2728.469504,2743.374677,2709.607539,2720.39203,2239140,,
11/13/2024,2721.793,2731.048529,2695.288301,2703.67369,2307999,,
11/14/2024,2702.869997,2705.351197,2657.738863,2665.807739,2545953,,
11/15/2024,2666.724222,2680.652595,2649.995314,2662.35936,2818177,,
11/18/2024,2662.984382,2678.614293,2634.977142,2672.465458,2129252,,
11/19/2024,2671.871643,2683.552342,2643.880532,2675.804712,2514502,,
11/20/2024,2676.11018,2704.967676,2654.837157,2695.275412,2578883,,
11/21/2024,2693.201189,2720.849984,2682.653962,2715.845922,2719169,,
11/22/2024,2724.371907,2750.955602,2714.845051,2734.602041,2381000,,
11/25/2024,2738.841531,2750.169727,2716.875796,2737.994168,2478610,,
11/26/2024,2740.797356,2753.569919,2719.548007,2733.632953,2116537,,
11/27/2024,2735.353182,2753.923758,2729.365046,2743.589932,1727653,,
11/29/2024,2743.50703,2762.404232,2732.924352,2753.633241,1523821,,
12/2/2024,2754.088724,2761.768306,2739.012054,2750.912406,1671540,,
12/3/2024,2753.606251,2771.431819,2743.133389,2767.1156,1684687,,
12/4/2024,2766.504097,2774.075427,2750.763805,2757.632552,1777680,,
12/5/2024,2756.254401,2773.696675,2749.474999,2763.683276,1788306,,
12/6/2024,2763.449795,2775.7115,2746.534266,2751.705998,1910200,,
12/9/2024,2751.64506,2760.985789,2734.443962,2740.454526,2118884,,
12/10/2024,2742.651754,2765.212073,2734.650853,2754.134587,2130328,,
12/11/2024,2753.021695,2760.684717,2733.484468,2741.813921,2034407,,
12/12/2024,2744.013854,2754.51081,2728.458722,2737.930175,2495231,,
12/13/2024,2736.75123,2762.423454,2730.272721,2751.326607,2827549,,
12/16/2024,2768.840252,2774.821109,2748.770963,2757.407537,2692402,,
12/17/2024,2772.445985,2785.11263,2679.067567,2694.994944,3069764,,
12/18/2024,2696.764158,2720.769019,2659.442988,2666.386471,3873536,,
12/19/2024,2670.990792,2714.477332,2638.356075,2685.753301,3717389,,
12/20/2024,2688.224813,2713.442595,2661.572583,2698.256381,3226696,,
12/23/2024,2698.908964,2724.739055,2688.731389,2722.348589,1849399,,
12/24/2024,2723.159335,2740.920308,2707.165147,2735.124511,1161045,,
12/26/2024,2733.991275,2736.718624,2687.887001,2708.488444,1704040,,
12/27/2024,2708.05615,2711.841975,2656.315771,2680.163803,2457543,,
12/30/2024,2679.218593,2694.359129,2654.204634,2664.960109,2284682,,
12/31/2024,2669.126625,2691.59794,2641.141648,2657.511483,2336802,,
1/2/2025,2660.647482,2694.095057,2648.393522,2681.844577,2575264,,
1/3/2025,2683.910032,2718.650767,2676.420038,2698.090484,2029882,,
1/6/2025,2700.869821,2717.859377,2666.616528,2679.79502,2477523,,
1/7/2025,2680.875571,2689.439589,2649.867423,2670.66992,2680645,,
1/8/2025,2670.018736,2673.455399,2655.446258,2666.202653,2179244,,
1/9/2025,2665.564742,2671.462015,2620.909129,2633.01517,992613,,
1/10/2025,2632.561879,2643.445371,2599.070145,2627.846787,3114789,,
1/13/2025,2632.537276,2650.642505,2612.181514,2637.432239,2716856,,
1/14/2025,2642.755171,2692.485568,2634.164601,2677.79569,2697615,,
1/15/2025,2678.995205,2701.942877,2662.572166,2683.878215,2554813,,
1/16/2025,2681.591563,2717.683266,2677.088928,2701.809568,2390232,,
1/17/2025,2701.679611,2737.78385,2682.595743,2731.966824,2350294,,
1/21/2025,2734.704966,2757.202321,2723.85072,2746.16987,2521641,,
1/22/2025,2747.073335,2762.508372,2735.886674,2760.051749,1949498,,
1/23/2025,2758.439254,2767.960504,2743.792887,2755.027396,1872577,,
1/24/2025,2744.315655,2757.758652,2690.248154,2726.63971,2596109,,
1/27/2025,2726.571766,2743.490112,2695.492938,2731.212895,3351694,,
1/28/2025,2731.343923,2747.605683,2710.609958,2731.480375,2439011,,
1/29/2025,2733.037001,2755.666573,2720.258592,2739.984684,2456548,,
1/30/2025,2742.456173,2765.426904,2721.585935,2731.913215,2572458,,
1/31/2025,2702.209265,2737.562435,2667.242083,2712.145995,2984834,,
2/3/2025,2719.862504,2735.30492,2684.048494,2726.986053,3178405,,
2/4/2025,2728.106978,2749.603943,2709.718226,2745.983778,2065185,,
2/5/2025,2745.112719,2759.388179,2728.299662,2748.46609,1877528,,
2/6/2025,2745.356313,2759.452886,2719.599775,2726.93564,2022518,,
2/7/2025,2711.775569,2748.749944,2702.123775,2734.758512,2334735,,
2/10/2025,2730.250298,2743.593294,2715.420957,2735.32045,1611421,,
2/11/2025,2735.157311,2743.844295,2700.44488,2727.552423,1802931,,
2/12/2025,2730.228013,2753.069692,2714.480944,2748.260923,2379680,,
2/13/2025,2747.61383,2765.611799,2738.655533,2755.467758,2175951,,
2/14/2025,2757.95253,2767.607964,2745.877905,2759.716984,1806293,,
2/18/2025,2759.943946,2767.372534,2744.703005,2761.007829,1929298,,
2/19/2025,2757.170893,2761.896838,2729.138596,2746.629006,1928424,,
2/20/2025,2744.693503,2756.094191,2691.350682,2697.783058,2410069,,
2/21/2025,2699.508893,2713.574028,2667.015893,2672.445657,2984487,,
2/24/2025,2676.112438,2685.105293,2642.377423,2658.997725,2948432,,
2/25/2025,2665.231859,2681.707123,2639.941967,2654.846723,3209338,,
2/26/2025,2659.53837,2680.515315,2616.994806,2621.336332,3130536,,
2/27/2025,2625.088877,2653.817238,2598.717853,2635.908197,3800406,,
2/28/2025,2641.506339,2665.379702,2578.675196,2604.533365,4032216,,
3/3/2025,2610.830236,2623.228249,2547.52627,2575.163978,4031144,,
3/4/2025,2591.622236,2606.927152,2548.786108,2589.288807,4663934,,
3/5/2025,2590.879808,2598.319761,2538.35902,2559.382472,3478103,,
3/6/2025,2564.598617,2579.556682,2516.975565,2557.47445,3756003,,
3/7/2025,2552.596631,2556.533735,2477.576444,2505.22268,3581369,,
3/10/2025,2504.552521,2521.125456,2454.135996,2479.235251,3930143,,
3/11/2025,2480.485655,2519.206604,2459.292775,2482.080639,3805760,,
3/12/2025,2479.346285,2499.823644,2441.57725,2455.743892,3165440,,
3/13/2025,2459.402771,2499.102035,2448.557418,2485.780032,3288873,,
3/14/2025,2482.640123,2524.615999,2472.318771,2514.85499,3142625,,
3/17/2025,2524.964133,2536.711092,2493.101438,2510.67412,3093199,,
3/18/2025,2521.455018,2558.656735,2508.25766,2537.003121,2816885,,
3/19/2025,2537.960083,2561.891914,2517.554214,2536.917892,2719850,,
3/20/2025,2537.69173,2546.496548,2504.725753,2535.5562,2617211,,
3/21/2025,2542.940334,2576.655405,2535.580628,2573.021963,2497065,,
3/24/2025,2573.778382,2593.502934,2565.369283,2585.261502,2139934,,
3/25/2025,2586.757443,2595.821446,2555.144942,2564.549262,1934884,,
3/26/2025,2558.338642,2572.748959,2539.370359,2547.589757,2391711,,
3/27/2025,2545.699989,2553.595375,2492.673839,2503.401693,2550654,,
3/28/2025,2490.402598,2513.859902,2450.417456,2492.406041,3062276,,
3/31/2025,2486.419271,2512.534064,2461.104696,2501.754448,3382244,,
4/1/2025,2500.586832,2548.56959,2456.998468,2521.903989,3082419,,
4/2/2025,2461.1735,2483.326552,2404.000478,2426.42432,3463961,,
4/3/2025,2405.61198,2411.466648,2275.200362,2298.370082,4290730,,
4/4/2025,2255.097377,2366.138195,2157.890809,2252.799355,5661066,,
4/7/2025,2252.224963,2341.045788,2167.072264,2222.36947,5462024,,
4/8/2025,2221.99191,2416.408553,2154.689869,2371.092078,4201901,,
4/9/2025,2372.501175,2441.733433,2237.827015,2359.596891,4895245,,
4/10/2025,2358.343713,2397.501241,2287.090836,2364.727354,3856261,,
4/11/2025,2388.608727,2412.803372,2342.482783,2390.33123,2823838,,
4/14/2025,2394.772088,2420.812731,2378.493165,2395.107775,2212598,,
4/15/2025,2385.155202,2399.972751,2335.124267,2357.181164,2171677,,
4/16/2025,2354.88787,2379.403958,2320.520706,2339.644215,2588604,,
4/17/2025,2334.27666,2345.692764,2277.860994,2299.152514,2262374,,
4/21/2025,2294.398905,2350.510569,2272.812517,2328.701751,2065657,,
4/22/2025,2349.76329,2413.68986,2346.351308,2372.322938,2672898,,
4/23/2025,2381.663005,2438.017992,2362.327171,2418.606847,2810255,,
4/24/2025,2422.929572,2447.353643,2396.753367,2439.078735,2261822,,
4/25/2025,2439.484043,2457.792232,2416.026593,2446.789869,2097312,,
4/28/2025,2442.659722,2466.965976,2428.423189,2458.522053,2013423,,
4/29/2025,2457.01888,2477.364829,2409.457006,2460.630737,2269272,,
4/30/2025,2467.35125,2497.000958,2446.345678,2473.365045,2708538,,
5/1/2025,2472.617084,2522.293281,2468.632393,2509.358702,2169811,,
5/2/2025,2506.839843,2523.071275,2487.274052,2508.310713,2016259,,
5/5/2025,2506.295009,2507.988802,2473.773602,2485.997539,1726732,,
5/6/2025,2479.556751,2508.472369,2467.392397,2489.654767,2151245,,
5/7/2025,2486.26101,2534.183869,2482.499176,2513.144196,2234277,,
5/8/2025,2512.002177,2533.488941,2501.114924,2513.279726,2103781,,
5/9/2025,2542.72945,2595.249616,2531.184835,2577.970313,2004573,,
5/12/2025,2588.861409,2621.49957,2571.779878,2610.314621,2509155,,
5/13/2025,2609.49966,2624.602061,2596.755223,2612.66125,2071089,,
5/14/2025,2611.389327,2629.193394,2595.732294,2620.29877,1968927,,
5/15/2025,2621.528408,2639.144687,2610.772148,2636.677911,1916801,,
5/16/2025,2621.04293,2643.757853,2605.288193,2641.806992,1896078,,
5/19/2025,2635.189015,2647.729618,2616.067435,2638.381177,1865198,,
5/20/2025,2636.08828,2643.427179,2588.457121,2597.944697,1979546,,
5/21/2025,2595.186022,2610.531938,2570.803409,2586.78548,2332365,,
5/22/2025,2589.961667,2596.823351,2538.594371,2573.229771,2231711,,
5/23/2025,2574.986126,2619.540473,2560.183836,2610.387052,2313495,,
5/27/2025,2613.089662,2631.314583,2593.953721,2611.928024,1916463,,
5/28/2025,2617.758161,2655.695934,2596.883957,2612.216854,2034563,,
5/29/2025,2612.110321,2627.718727,2585.986611,2611.163604,2246620,,
5/30/2025,2603.985372,2623.700175,2582.900544,2618.746253,2302643,,
6/2/2025,2617.523481,2645.534929,2599.376376,2640.455679,1861796,,
6/3/2025,2639.73238,2653.862775,2629.397391,2643.80921,1754031,,
6/4/2025,2642.233063,2659.585664,2625.712302,2634.757379,1809567,,
6/5/2025,2629.42042,2667.824256,2623.722875,2653.521318,1990581,,
6/6/2025,2653.385938,2674.437219,2645.472898,2665.1584,1840521,,
6/9/2025,2665.77375,2681.91775,2657.12398,2675.59684,1546465,,
6/10/2025,2674.858643,2698.564068,2661.479261,2674.376436,1909420,,
6/11/2025,2671.705088,2682.716417,2652.171198,2672.968554,2229200,,
6/12/2025,2670.260919,2673.850359,2620.28554,2643.281064,2313205,,
6/13/2025,2647.871812,2685.984544,2628.958079,2670.173458,2951727,,
6/16/2025,2677.949708,2691.111874,2654.710884,2669.027746,2795724,,
6/17/2025,2667.692341,2687.063261,2653.799297,2664.832036,2443585,,
6/18/2025,2664.623005,2687.134012,2635.160958,2659.447319,2349797,,
6/20/2025,2644.488844,2685.604824,2628.920291,2677.955053,2549739,,
6/23/2025,2672.149055,2716.559821,2670.600351,2712.168093,2041178,,
6/24/2025,2711.820686,2727.823578,2699.963172,2713.906554,1671464,,
6/25/2025,2713.21104,2739.932927,2709.890854,2736.484397,1549552,,
6/26/2025,2737.501185,2761.408945,2729.906999,2751.04495,1849338,,
6/27/2025,2752.565476,2771.152075,2749.897408,2764.102405,2014830,,
6/30/2025,2761.672733,2789.27866,2746.725461,2771.425983,2167239,,
7/1/2025,2770.730024,2789.649062,2760.447126,2784.145208,1986099,,
7/2/2025,2784.62112,2812.318731,2781.672516,2804.69029,1495383,,
7/3/2025,2797.123889,2810.015131,2771.785532,2789.070605,1594744,,
7/7/2025,2782.211163,2798.577499,2771.770573,2785.865328,2009459,,
7/8/2025,2784.545526,2806.534471,2777.142346,2800.224807,1737503,,
7/9/2025,2799.95821,2817.391138,2788.86453,2808.425488,1738738,,
7/10/2025,2807.974442,2814.630098,2784.410897,2795.61596,1636449,,
7/11/2025,2787.179796,2806.010732,2774.707123,2800.882665,1699146,,
7/14/2025,2797.282398,2814.377518,2774.574669,2785.27426,1729088,,
7/15/2025,2781.366646,2800.389839,2763.422621,2791.397927,2164380,,
7/16/2025,2788.895894,2814.658768,2779.785558,2811.046846,2151965,,
7/17/2025,2811.469142,2824.720848,2797.112565,2807.559291,1750887,,
7/18/2025,2808.137172,2826.399065,2801.387642,2809.167486,1653835,,
7/21/2025,2811.011088,2823.621159,2795.915416,2813.016097,1716408,,
7/22/2025,2813.272918,2837.845771,2807.541818,2832.27625,1920824,,
7/23/2025,2833.727122,2841.920735,2818.151699,2827.997448,1860419,,
7/24/2025,2830.826791,2840.638954,2821.596261,2834.815918,1680847,,
7/25/2025,2844.393728,2853.254737,2830.266274,2838.641649,1467737,,
7/28/2025,2841.475947,2854.036991,2824.54222,2830.100106,1745200,,
7/29/2025,2829.888019,2848.435152,2810.753755,2823.564559,1956174,,
7/30/2025,2829.683875,2844.797318,2798.788708,2808.000197,2413291,,
7/31/2025,2809.1292,2816.757783,2750.531045,2766.815906,3151719,,
8/1/2025,2763.441274,2808.227003,2746.353325,2790.212393,3013368,,
8/4/2025,2794.926505,2812.440953,2773.329591,2796.73289,2109605,,
8/5/2025,2797.46908,2819.529801,2783.316062,2804.430663,2165851,,
8/6/2025,2804.052761,2830.816211,2788.344948,2807.353596,2072491,,
8/7/2025,2809.786617,2832.678278,2802.930874,2818.89702,2118839,,
8/8/2025,2823.93356,2834.49276,2809.166016,2818.405511,1845032,,
8/11/2025,2819.043184,2857.518311,2812.553395,2852.021064,1892787,,
8/12/2025,2852.172988,2884.326083,2848.127443,2878.408962,2021711,,
8/13/2025,2876.653599,2886.480736,2854.710794,2871.691041,1935584,,
8/14/2025,2871.724368,2882.674525,2853.868685,2864.456839,1273109,,
8/15/2025,2862.987323,2874.136216,2855.079211,2863.610144,564571,,
8/18/2025,2863.302568,2873.337677,2839.579465,2846.458439,1633145,,
8/19/2025,2846.240416,2850.545082,2815.2592,2834.395311,2181915,,
8/20/2025,2834.994965,2839.602925,2809.409497,2827.813041,2359840,,
8/21/2025,2829.402986,2882.92954,2814.417905,2873.060872,2104855,,
8/22/2025,2874.895621,2889.138356,2853.391852,2869.79159,2035149,,
8/25/2025,2872.283822,2884.167989,2855.742913,2877.239206,1604757,,
8/26/2025,2878.80786,2892.440364,2865.514429,2887.931003,1775234,,
8/27/2025,2885.780342,2904.301288,2876.312586,2896.30935,1663220,,
8/28/2025,2894.189114,2901.051528,2870.311177,2882.509701,1946959,,
8/29/2025,2884.983191,2889.823832,2839.216812,2863.527605,2438431,,
9/2/2025,2866.823127,2878.882765,2843.572605,2863.192223,2623824,,
9/3/2025,2866.230435,2891.346216,2860.347272,2888.082089,2166137,,
9/4/2025,2889.390666,2913.613604,2871.059902,2894.331641,2204810,,
9/5/2025,2894.288565,2910.25667,2880.797371,2899.163146,2395831,,
9/8/2025,2898.461859,2911.670993,2886.421281,2902.750009,1917440,,
9/9/2025,2901.60285,2918.127834,2888.971707,2900.425553,1947359,,
9/10/2025,2899.293232,2932.296841,2895.972263,2927.398079,2135724,,
9/11/2025,2926.650288,2939.295365,2913.746368,2926.528636,2018859,,
9/12/2025,2927.144307,2942.191498,2922.36023,2936.834875,2328285,, 
9/15/2025,2948.893606,2961.116091,2940.044442,2950.33358,2248948,,
9/16/2025,2962.21961,2987.720955,2944.427047,2963.079088,2600576,,
9/17/2025,2965.612934,3000.295405,2957.11226,2988.994319,2623328,,
9/18/2025,2991.147273,3008.854548,2979.622697,2995.391933,2373540,,
9/19/2025,2995.724981,3012.938683,2980.662864,3008.960486,2124936,,
9/22/2025,3007.581126,3025.746192,2992.484299,3003.301931,1945503,,
9/23/2025,3003.718672,3010.966941,2980.587744,2986.991067,2034543,,
9/24/2025,2989.699203,2994.333166,2955.098886,2971.551733,2244761,,
9/25/2025,2973.166403,2989.032006,2956.769249,2980.79112,2504785,,
9/26/2025,2980.938225,3003.196569,2976.480337,2990.081876,2063470,,
9/29/2025,2988.395251,3000.558331,2976.811329,2996.740248,1998439,,
9/30/2025,2991.462867,3009.658046,2971.333177,3005.706249,2262230,,
10/1/2025,3003.449548,3021.26151,2992.514493,3016.580651,2040831,,
10/2/2025,3015.616619,3040.038782,3006.21221,3020.537084,1992196,,
10/3/2025,3020.791654,3042.888417,3014.381556,3028.801616,2067378,,
10/6/2025,3029.716734,3040.802886,3008.489869,3017.525397,1919295,,
10/7/2025,3019.681186,3042.11151,3009.968011,3032.380921,2095587,,
10/8/2025,3033.981602,3042.490829,3013.466465,3027.340287,1789532,,
10/9/2025,3027.900654,3040.796402,2936.930406,2959.423319,2788100,,
10/10/2025,2970.146835,3011.43207,2942.634186,2983.542263,3589593,,
10/13/2025,2987.056698,3004.174708,2985.572145,3001.724183,1739875,,
